Date,FNSKU,ASIN,MSKU,Title,Disposition,Starting Warehouse Balance,In Transit Between Warehouses,Receipts,Customer Shipments,Customer Returns,Vendor Returns,Warehouse Transfer In/Out,Found,Lost,Damaged,Disposed,Other Events,Ending Warehouse Balance,Unknown Events,Location
07/25/2026,X001MVG9H7,B0BFB324WC,Bajaj_4,"CRASOME Dust Proof Washable Kitchen Wet Grinder Cover for 2Litre Table Top Butterfly Rhino | Butterfly Smart | Butterfly Hippo CSM-BJ (Blue), Polyester",SELLABLE,2,0,0,-1,0,0,0,0,0,0,0,0,1,0,MAA4
07/25/2026,X001MVHN7R,B0BFB324WC,Bajaj_1,"CRASOME Dust Proof Washable Kitchen Wet Grinder Cover for 2Litre Table Top Butterfly Rhino | Butterfly Smart | Butterfly Hippo CSM-BJ (Blue), Polyester",SELLABLE,2,0,0,0,0,0,0,0,0,0,0,0,2,0,DEL4
07/25/2026,X001MVHN7R,B0BFB324WC,Bajaj_1,"CRASOME Dust Proof Washable Kitchen Wet Grinder Cover for 2Litre Table Top Butterfly Rhino | Butterfly Smart | Butterfly Hippo CSM-BJ (Blue), Polyester",SELLABLE,3,0,0,0,0,0,0,0,0,0,0,0,3,0,MAA4
07/25/2026,X001MVIL19,B0BFB31MWV,Ultra_1,Crasome Dust Proof Water Resistant Kitchen Wet Grinder Cover for 2 Litre Table Top Ultra Perfect S | Ultra Perfect Plus (Blue),CUSTOMER_DAMAGED,1,0,0,0,0,0,0,0,0,0,0,0,0,0,MAA4
07/25/2026,X001MVIL19,B0BFB31MWV,Ultra_1,Crasome Dust Proof Water Resistant Kitchen Wet Grinder Cover for 2 Litre Table Top Ultra Perfect S | Ultra Perfect Plus (Blue),SELLABLE,1,0,0,0,0,0,0,0,0,0,0,0,1,0,AMD2
07/25/2026,X001MVIL19,B0BFB31MWV,Ultra_1,Crasome Dust Proof Water Resistant Kitchen Wet Grinder Cover for 2 Litre Table Top Ultra Perfect S | Ultra Perfect Plus (Blue),SELLABLE,27,0,0,0,0,0,0,0,0,0,0,0,27,0,BLR7
07/25/2026,X001MVIL19,B0BFB31MWV,Ultra_1,Crasome Dust Proof Water Resistant Kitchen Wet Grinder Cover for 2 Litre Table Top Ultra Perfect S | Ultra Perfect Plus (Blue),SELLABLE,13,0,0,0,0,0,0,0,0,0,0,0,13,0,BLR8
07/25/2026,X001MVIL19,B0BFB31MWV,Ultra_1,Crasome Dust Proof Water Resistant Kitchen Wet Grinder Cover for 2 Litre Table Top Ultra Perfect S | Ultra Perfect Plus (Blue),SELLABLE,1,0,0,0,0,0,0,0,0,0,0,0,1,0,BOM5
07/25/2026,X001MVIL19,B0BFB31MWV,Ultra_1,Crasome Dust Proof Water Resistant Kitchen Wet Grinder Cover for 2 Litre Table Top Ultra Perfect S | Ultra Perfect Plus (Blue),SELLABLE,2,0,0,0,0,0,0,0,0,0,0,0,2,0,BOM7
07/25/2026,X001MVIL19,B0BFB31MWV,Ultra_1,Crasome Dust Proof Water Resistant Kitchen Wet Grinder Cover for 2 Litre Table Top Ultra Perfect S | Ultra Perfect Plus (Blue),SELLABLE,6,0,0,0,0,0,0,0,0,0,0,0,6,0,CJB1
07/25/2026,X001MVIL19,B0BFB31MWV,Ultra_1,Crasome Dust Proof Water Resistant Kitchen Wet Grinder Cover for 2 Litre Table Top Ultra Perfect S | Ultra Perfect Plus (Blue),SELLABLE,13,0,0,0,0,0,0,0,0,0,0,0,13,0,DED4
07/25/2026,X001MVIL19,B0BFB31MWV,Ultra_1,Crasome Dust Proof Water Resistant Kitchen Wet Grinder Cover for 2 Litre Table Top Ultra Perfect S | Ultra Perfect Plus (Blue),SELLABLE,4,0,0,0,0,0,0,0,0,0,0,0,4,0,DEL4
07/25/2026,X001MVIL19,B0BFB31MWV,Ultra_1,Crasome Dust Proof Water Resistant Kitchen Wet Grinder Cover for 2 Litre Table Top Ultra Perfect S | Ultra Perfect Plus (Blue),SELLABLE,8,0,0,0,0,0,0,0,0,0,0,0,8,0,DEL5
07/25/2026,X001MVIL19,B0BFB31MWV,Ultra_1,Crasome Dust Proof Water Resistant Kitchen Wet Grinder Cover for 2 Litre Table Top Ultra Perfect S | Ultra Perfect Plus (Blue),SELLABLE,13,0,0,0,0,0,0,0,0,0,0,0,13,0,MAA4
07/25/2026,X001MVIL19,B0BFB31MWV,Ultra_1,Crasome Dust Proof Water Resistant Kitchen Wet Grinder Cover for 2 Litre Table Top Ultra Perfect S | Ultra Perfect Plus (Blue),SELLABLE,10,0,0,0,0,0,0,0,0,0,0,0,10,0,PNQ3
07/25/2026,X001MVIQMN,B0BFB27TWG,Bajaj_3,CRASOME Dust Proof Washable Wet Grinder Cover for 2 Litre Table Top Lakshmi | Prestige PWG 07 | Vidiem Vision CSM-BJ (Blue),SELLABLE,3,0,0,-1,0,0,0,0,0,0,0,0,2,0,BLR7
07/25/2026,X001MVIQMN,B0BFB27TWG,Bajaj_3,CRASOME Dust Proof Washable Wet Grinder Cover for 2 Litre Table Top Lakshmi | Prestige PWG 07 | Vidiem Vision CSM-BJ (Blue),SELLABLE,8,0,0,0,0,0,0,0,0,0,0,0,8,0,BLR8
07/25/2026,X001MVIQMN,B0BFB27TWG,Bajaj_3,CRASOME Dust Proof Washable Wet Grinder Cover for 2 Litre Table Top Lakshmi | Prestige PWG 07 | Vidiem Vision CSM-BJ (Blue),SELLABLE,4,0,0,0,0,0,0,0,0,0,0,0,4,0,BOM5
07/25/2026,X001MVIQMN,B0BFB27TWG,Bajaj_3,CRASOME Dust Proof Washable Wet Grinder Cover for 2 Litre Table Top Lakshmi | Prestige PWG 07 | Vidiem Vision CSM-BJ (Blue),SELLABLE,1,0,0,0,0,0,0,0,0,0,0,0,1,0,BOM7
07/25/2026,X001MVIQMN,B0BFB27TWG,Bajaj_3,CRASOME Dust Proof Washable Wet Grinder Cover for 2 Litre Table Top Lakshmi | Prestige PWG 07 | Vidiem Vision CSM-BJ (Blue),SELLABLE,5,0,0,0,0,0,0,0,0,0,0,0,5,0,CJB1
07/25/2026,X001MVIQMN,B0BFB27TWG,Bajaj_3,CRASOME Dust Proof Washable Wet Grinder Cover for 2 Litre Table Top Lakshmi | Prestige PWG 07 | Vidiem Vision CSM-BJ (Blue),SELLABLE,1,0,0,0,0,0,0,0,0,0,0,0,1,0,DEL5
07/25/2026,X001MVIQMN,B0BFB27TWG,Bajaj_3,CRASOME Dust Proof Washable Wet Grinder Cover for 2 Litre Table Top Lakshmi | Prestige PWG 07 | Vidiem Vision CSM-BJ (Blue),SELLABLE,16,0,0,-1,0,0,0,0,0,0,0,0,15,0,MAA4
07/25/2026,X001MVIQMN,B0BFB27TWG,Bajaj_3,CRASOME Dust Proof Washable Wet Grinder Cover for 2 Litre Table Top Lakshmi | Prestige PWG 07 | Vidiem Vision CSM-BJ (Blue),SELLABLE,1,0,0,0,0,0,0,0,0,0,0,0,1,0,PNQ3
07/25/2026,X001O30WRB,B0BM4JLSPK,CRM_NW_GREY_DC,CRASOME Water Dispenser for 20 ltr / Litre Bottle Jar Cover (Grey),SELLABLE,2,0,0,0,0,0,0,0,0,0,0,0,2,0,AMD2
07/25/2026,X001O30WRB,B0BM4JLSPK,CRM_NW_GREY_DC,CRASOME Water Dispenser for 20 ltr / Litre Bottle Jar Cover (Grey),SELLABLE,16,0,0,0,0,0,0,0,0,0,0,0,16,0,BLR7
07/25/2026,X001O30WRB,B0BM4JLSPK,CRM_NW_GREY_DC,CRASOME Water Dispenser for 20 ltr / Litre Bottle Jar Cover (Grey),SELLABLE,14,0,0,0,0,0,1,0,0,0,0,0,15,0,BLR8
07/25/2026,X001O30WRB,B0BM4JLSPK,CRM_NW_GREY_DC,CRASOME Water Dispenser for 20 ltr / Litre Bottle Jar Cover (Grey),SELLABLE,9,0,0,0,0,0,1,0,0,0,0,0,10,0,BOM5
07/25/2026,X001O30WRB,B0BM4JLSPK,CRM_NW_GREY_DC,CRASOME Water Dispenser for 20 ltr / Litre Bottle Jar Cover (Grey),SELLABLE,9,0,0,0,0,0,0,0,0,0,0,0,9,0,BOM7
07/25/2026,X001O30WRB,B0BM4JLSPK,CRM_NW_GREY_DC,CRASOME Water Dispenser for 20 ltr / Litre Bottle Jar Cover (Grey),SELLABLE,9,0,0,0,0,0,0,0,0,0,0,0,9,0,CJB1
07/25/2026,X001O30WRB,B0BM4JLSPK,CRM_NW_GREY_DC,CRASOME Water Dispenser for 20 ltr / Litre Bottle Jar Cover (Grey),SELLABLE,3,0,0,0,0,0,0,0,0,0,0,0,3,0,DED4
07/25/2026,X001O30WRB,B0BM4JLSPK,CRM_NW_GREY_DC,CRASOME Water Dispenser for 20 ltr / Litre Bottle Jar Cover (Grey),SELLABLE,5,0,0,0,0,0,0,0,0,0,0,0,5,0,DEL4
07/25/2026,X001O30WRB,B0BM4JLSPK,CRM_NW_GREY_DC,CRASOME Water Dispenser for 20 ltr / Litre Bottle Jar Cover (Grey),SELLABLE,7,0,0,0,0,0,0,0,0,0,0,0,7,0,DEL5
07/25/2026,X001O30WRB,B0BM4JLSPK,CRM_NW_GREY_DC,CRASOME Water Dispenser for 20 ltr / Litre Bottle Jar Cover (Grey),SELLABLE,11,0,0,0,0,0,0,0,0,0,0,0,11,0,MAA4
07/25/2026,X001O30WRB,B0BM4JLSPK,CRM_NW_GREY_DC,CRASOME Water Dispenser for 20 ltr / Litre Bottle Jar Cover (Grey),SELLABLE,5,0,0,0,0,0,0,0,0,0,0,0,5,0,PNQ3
07/25/2026,X001O316KN,B0BM4KGTYM,CRM_NW_BLACK_DC,CRASOME Non-Woven Water Dispenser For 20 Ltr / Litre Bottle Jar Cover (Black),SELLABLE,2,0,0,0,0,0,0,0,0,0,0,0,2,0,BLR7
07/25/2026,X001O316KN,B0BM4KGTYM,CRM_NW_BLACK_DC,CRASOME Non-Woven Water Dispenser For 20 Ltr / Litre Bottle Jar Cover (Black),SELLABLE,8,0,0,-1,0,0,0,0,0,0,0,0,7,0,BLR8
07/25/2026,X001O316KN,B0BM4KGTYM,CRM_NW_BLACK_DC,CRASOME Non-Woven Water Dispenser For 20 Ltr / Litre Bottle Jar Cover (Black),SELLABLE,6,0,0,-2,0,0,0,0,0,0,0,0,4,0,BOM5
07/25/2026,X001O316KN,B0BM4KGTYM,CRM_NW_BLACK_DC,CRASOME Non-Woven Water Dispenser For 20 Ltr / Litre Bottle Jar Cover (Black),SELLABLE,1,0,0,0,0,0,0,0,0,0,0,0,1,0,BOM7
07/25/2026,X001O316KN,B0BM4KGTYM,CRM_NW_BLACK_DC,CRASOME Non-Woven Water Dispenser For 20 Ltr / Litre Bottle Jar Cover (Black),SELLABLE,9,0,0,0,0,0,0,0,0,0,0,0,9,0,CJB1
07/25/2026,X001O316KN,B0BM4KGTYM,CRM_NW_BLACK_DC,CRASOME Non-Woven Water Dispenser For 20 Ltr / Litre Bottle Jar Cover (Black),SELLABLE,6,0,0,0,0,0,0,0,0,0,0,0,6,0,DED4
07/25/2026,X001O316KN,B0BM4KGTYM,CRM_NW_BLACK_DC,CRASOME Non-Woven Water Dispenser For 20 Ltr / Litre Bottle Jar Cover (Black),SELLABLE,1,0,0,0,0,0,0,0,0,0,0,0,1,0,DEL4
07/25/2026,X001O316KN,B0BM4KGTYM,CRM_NW_BLACK_DC,CRASOME Non-Woven Water Dispenser For 20 Ltr / Litre Bottle Jar Cover (Black),SELLABLE,2,0,0,0,0,0,0,0,0,0,0,0,2,0,DEL5
07/25/2026,X001O316KN,B0BM4KGTYM,CRM_NW_BLACK_DC,CRASOME Non-Woven Water Dispenser For 20 Ltr / Litre Bottle Jar Cover (Black),SELLABLE,10,0,0,0,0,0,0,0,0,0,0,0,10,0,MAA4
07/25/2026,X001O316KN,B0BM4KGTYM,CRM_NW_BLACK_DC,CRASOME Non-Woven Water Dispenser For 20 Ltr / Litre Bottle Jar Cover (Black),SELLABLE,1,0,0,0,0,0,0,0,0,0,0,0,1,0,PNQ3
07/25/2026,X001OW1P87,B0BQMY6L2B,CRM_AP_BLUE_PACK OF 2,"CRASOME Apron for Kitchen | Unisex Cooking Apron with 2 Pockets and Adjustable Straps | Apron for Chef, Hotel, Cafe, Restaurant, Gardening, Workshop (Blue Pack of 2)",SELLABLE,3,0,0,0,0,0,0,0,0,0,0,0,3,0,CJB1
07/25/2026,X001OW1WJ9,B0BQMTTDQQ,CRM_AP_TEN _PACK OF 2,"CRASOME Kitchen Apron for Men & Women | Unisex Cooking Apron with 2 Front Pockets and Adjustable Straps | Apron for Chef, Hotel, Cafe, Restaurant, Gardening, Workshop (Tan Pack of 2)",SELLABLE,2,0,0,0,0,0,0,0,0,0,0,0,2,0,AMD2
07/25/2026,X001OW1WJ9,B0BQMTTDQQ,CRM_AP_TEN _PACK OF 2,"CRASOME Kitchen Apron for Men & Women | Unisex Cooking Apron with 2 Front Pockets and Adjustable Straps | Apron for Chef, Hotel, Cafe, Restaurant, Gardening, Workshop (Tan Pack of 2)",SELLABLE,1,0,0,0,0,0,0,0,0,0,0,0,1,0,BLR4
07/25/2026,X001OW1WJ9,B0BQMTTDQQ,CRM_AP_TEN _PACK OF 2,"CRASOME Kitchen Apron for Men & Women | Unisex Cooking Apron with 2 Front Pockets and Adjustable Straps | Apron for Chef, Hotel, Cafe, Restaurant, Gardening, Workshop (Tan Pack of 2)",SELLABLE,6,0,0,0,0,0,0,0,0,0,0,0,6,0,BLR7
07/25/2026,X001OW1WJ9,B0BQMTTDQQ,CRM_AP_TEN _PACK OF 2,"CRASOME Kitchen Apron for Men & Women | Unisex Cooking Apron with 2 Front Pockets and Adjustable Straps | Apron for Chef, Hotel, Cafe, Restaurant, Gardening, Workshop (Tan Pack of 2)",SELLABLE,8,0,0,0,0,0,0,0,0,0,0,0,8,0,BLR8
07/25/2026,X001OW1WJ9,B0BQMTTDQQ,CRM_AP_TEN _PACK OF 2,"CRASOME Kitchen Apron for Men & Women | Unisex Cooking Apron with 2 Front Pockets and Adjustable Straps | Apron for Chef, Hotel, Cafe, Restaurant, Gardening, Workshop (Tan Pack of 2)",SELLABLE,5,0,0,0,0,0,0,0,0,0,0,0,5,0,BOM5
07/25/2026,X001OW1WJ9,B0BQMTTDQQ,CRM_AP_TEN _PACK OF 2,"CRASOME Kitchen Apron for Men & Women | Unisex Cooking Apron with 2 Front Pockets and Adjustable Straps | Apron for Chef, Hotel, Cafe, Restaurant, Gardening, Workshop (Tan Pack of 2)",SELLABLE,1,0,0,0,0,0,0,0,0,0,0,0,1,0,CJB1
07/25/2026,X001OW1WJ9,B0BQMTTDQQ,CRM_AP_TEN _PACK OF 2,"CRASOME Kitchen Apron for Men & Women | Unisex Cooking Apron with 2 Front Pockets and Adjustable Straps | Apron for Chef, Hotel, Cafe, Restaurant, Gardening, Workshop (Tan Pack of 2)",SELLABLE,6,0,0,0,0,0,0,0,0,0,0,0,6,0,DED4
07/25/2026,X001OW1WJ9,B0BQMTTDQQ,CRM_AP_TEN _PACK OF 2,"CRASOME Kitchen Apron for Men & Women | Unisex Cooking Apron with 2 Front Pockets and Adjustable Straps | Apron for Chef, Hotel, Cafe, Restaurant, Gardening, Workshop (Tan Pack of 2)",SELLABLE,4,0,0,0,0,0,0,0,0,0,0,0,4,0,DEL4
07/25/2026,X001OW1WJ9,B0BQMTTDQQ,CRM_AP_TEN _PACK OF 2,"CRASOME Kitchen Apron for Men & Women | Unisex Cooking Apron with 2 Front Pockets and Adjustable Straps | Apron for Chef, Hotel, Cafe, Restaurant, Gardening, Workshop (Tan Pack of 2)",SELLABLE,15,0,0,0,0,0,0,0,0,0,0,0,15,0,DEL5
07/25/2026,X001OW1WJ9,B0BQMTTDQQ,CRM_AP_TEN _PACK OF 2,"CRASOME Kitchen Apron for Men & Women | Unisex Cooking Apron with 2 Front Pockets and Adjustable Straps | Apron for Chef, Hotel, Cafe, Restaurant, Gardening, Workshop (Tan Pack of 2)",SELLABLE,5,0,0,0,0,0,0,0,0,0,0,0,5,0,MAA4
07/25/2026,X001OW1WJ9,B0BQMTTDQQ,CRM_AP_TEN _PACK OF 2,"CRASOME Kitchen Apron for Men & Women | Unisex Cooking Apron with 2 Front Pockets and Adjustable Straps | Apron for Chef, Hotel, Cafe, Restaurant, Gardening, Workshop (Tan Pack of 2)",SELLABLE,4,0,0,0,0,0,0,0,0,0,0,0,4,0,PNQ3
07/25/2026,X001OW210X,B0BQMY39JW,CRM_AP_BLACK_PACK OF 3,"CRASOME Apron for Kitchen | Unisex Cooking Apron with 2 Pockets and Adjustable Straps | Apron for Chef, Hotel, Cafe, Restaurant, Gardening, Workshop (Black Pack of 3)",SELLABLE,9,0,0,0,0,0,0,0,0,0,0,0,9,0,BOM5
07/25/2026,X001OW210X,B0BQMY39JW,CRM_AP_BLACK_PACK OF 3,"CRASOME Apron for Kitchen | Unisex Cooking Apron with 2 Pockets and Adjustable Straps | Apron for Chef, Hotel, Cafe, Restaurant, Gardening, Workshop (Black Pack of 3)",SELLABLE,1,0,0,0,0,0,0,0,0,0,0,0,1,0,MAA4
07/25/2026,X001OW210X,B0BQMY39JW,CRM_AP_BLACK_PACK OF 3,"CRASOME Apron for Kitchen | Unisex Cooking Apron with 2 Pockets and Adjustable Straps | Apron for Chef, Hotel, Cafe, Restaurant, Gardening, Workshop (Black Pack of 3)",SELLABLE,3,0,0,0,0,0,0,0,0,0,0,0,3,0,PNQ3
07/25/2026,X001OW23PL,B0BQMZGXJ4,CRM_AP_BLUE_PACK OF 3,"CRASOME Apron for Kitchen | Unisex Cooking Apron with 2 Pockets and Adjustable Straps | Apron for Chef, Hotel, Cafe, Restaurant, Gardening, Workshop (Blue Pack of 3)",SELLABLE,1,0,0,0,0,0,0,0,0,0,0,0,1,0,AMD2
07/25/2026,X001OW23PL,B0BQMZGXJ4,CRM_AP_BLUE_PACK OF 3,"CRASOME Apron for Kitchen | Unisex Cooking Apron with 2 Pockets and Adjustable Straps | Apron for Chef, Hotel, Cafe, Restaurant, Gardening, Workshop (Blue Pack of 3)",SELLABLE,1,0,0,0,0,0,0,0,0,0,0,0,1,0,CJB1
07/25/2026,X001OW23PL,B0BQMZGXJ4,CRM_AP_BLUE_PACK OF 3,"CRASOME Apron for Kitchen | Unisex Cooking Apron with 2 Pockets and Adjustable Straps | Apron for Chef, Hotel, Cafe, Restaurant, Gardening, Workshop (Blue Pack of 3)",SELLABLE,1,0,0,0,0,0,0,0,0,0,0,0,1,0,DED4
07/25/2026,X001OW23PL,B0BQMZGXJ4,CRM_AP_BLUE_PACK OF 3,"CRASOME Apron for Kitchen | Unisex Cooking Apron with 2 Pockets and Adjustable Straps | Apron for Chef, Hotel, Cafe, Restaurant, Gardening, Workshop (Blue Pack of 3)",SELLABLE,1,0,0,0,0,0,0,0,0,0,0,0,1,0,MAA4
07/25/2026,X001OW23PL,B0BQMZGXJ4,CRM_AP_BLUE_PACK OF 3,"CRASOME Apron for Kitchen | Unisex Cooking Apron with 2 Pockets and Adjustable Straps | Apron for Chef, Hotel, Cafe, Restaurant, Gardening, Workshop (Blue Pack of 3)",SELLABLE,1,0,0,0,0,0,0,0,0,0,0,0,1,0,PNQ3
07/25/2026,X001OW333H,B0BQMV8D85,CRM_AP_BROWN_PACK OF 2,"CRASOME Apron for Kitchen | Unisex Cooking Apron with 2 Pockets and Adjustable Straps | Apron for Chef, Hotel, Cafe, Restaurant, Gardening, Workshop (Brown Pack of 2)",SELLABLE,1,0,0,0,0,0,0,0,0,0,0,0,1,0,AMD2
07/25/2026,X001OW333H,B0BQMV8D85,CRM_AP_BROWN_PACK OF 2,"CRASOME Apron for Kitchen | Unisex Cooking Apron with 2 Pockets and Adjustable Straps | Apron for Chef, Hotel, Cafe, Restaurant, Gardening, Workshop (Brown Pack of 2)",SELLABLE,3,0,0,0,0,0,0,0,0,0,0,0,3,0,BLR7
07/25/2026,X001OW333H,B0BQMV8D85,CRM_AP_BROWN_PACK OF 2,"CRASOME Apron for Kitchen | Unisex Cooking Apron with 2 Pockets and Adjustable Straps | Apron for Chef, Hotel, Cafe, Restaurant, Gardening, Workshop (Brown Pack of 2)",SELLABLE,3,0,0,0,0,0,0,0,0,0,0,0,3,0,BLR8
07/25/2026,X001OW333H,B0BQMV8D85,CRM_AP_BROWN_PACK OF 2,"CRASOME Apron for Kitchen | Unisex Cooking Apron with 2 Pockets and Adjustable Straps | Apron for Chef, Hotel, Cafe, Restaurant, Gardening, Workshop (Brown Pack of 2)",SELLABLE,2,0,0,0,0,0,0,0,0,0,0,0,2,0,BOM5
07/25/2026,X001OW333H,B0BQMV8D85,CRM_AP_BROWN_PACK OF 2,"CRASOME Apron for Kitchen | Unisex Cooking Apron with 2 Pockets and Adjustable Straps | Apron for Chef, Hotel, Cafe, Restaurant, Gardening, Workshop (Brown Pack of 2)",SELLABLE,3,0,0,0,0,0,0,0,0,0,0,0,3,0,DEL4
07/25/2026,X001OW333H,B0BQMV8D85,CRM_AP_BROWN_PACK OF 2,"CRASOME Apron for Kitchen | Unisex Cooking Apron with 2 Pockets and Adjustable Straps | Apron for Chef, Hotel, Cafe, Restaurant, Gardening, Workshop (Brown Pack of 2)",SELLABLE,4,0,0,0,0,0,0,0,0,0,0,0,4,0,DEL5
07/25/2026,X001OW333H,B0BQMV8D85,CRM_AP_BROWN_PACK OF 2,"CRASOME Apron for Kitchen | Unisex Cooking Apron with 2 Pockets and Adjustable Straps | Apron for Chef, Hotel, Cafe, Restaurant, Gardening, Workshop (Brown Pack of 2)",SELLABLE,11,2,0,0,0,0,0,0,0,0,0,0,11,0,MAA4
07/25/2026,X001OW333H,B0BQMV8D85,CRM_AP_BROWN_PACK OF 2,"CRASOME Apron for Kitchen | Unisex Cooking Apron with 2 Pockets and Adjustable Straps | Apron for Chef, Hotel, Cafe, Restaurant, Gardening, Workshop (Brown Pack of 2)",SELLABLE,1,0,0,0,0,0,0,0,0,0,0,0,1,0,PNQ3
07/25/2026,X001OW36S9,B0BQMX8QHL,CRM_AP_GREY_PACK OF 2,"CRASOME Apron for Kitchen | Unisex Cooking Apron with 2 Pockets and Adjustable Straps | Apron for Chef, Hotel, Cafe, Restaurant, Gardening, Workshop (Grey Pack of 2)",SELLABLE,1,0,0,0,0,0,0,0,0,0,0,0,1,0,AMD2
07/25/2026,X001OW36S9,B0BQMX8QHL,CRM_AP_GREY_PACK OF 2,"CRASOME Apron for Kitchen | Unisex Cooking Apron with 2 Pockets and Adjustable Straps | Apron for Chef, Hotel, Cafe, Restaurant, Gardening, Workshop (Grey Pack of 2)",SELLABLE,1,0,0,0,0,0,0,0,0,0,0,0,1,0,BLR8
07/25/2026,X001OW36S9,B0BQMX8QHL,CRM_AP_GREY_PACK OF 2,"CRASOME Apron for Kitchen | Unisex Cooking Apron with 2 Pockets and Adjustable Straps | Apron for Chef, Hotel, Cafe, Restaurant, Gardening, Workshop (Grey Pack of 2)",SELLABLE,11,0,0,0,0,0,0,0,0,0,0,0,11,0,BOM5
07/25/2026,X001OW36S9,B0BQMX8QHL,CRM_AP_GREY_PACK OF 2,"CRASOME Apron for Kitchen | Unisex Cooking Apron with 2 Pockets and Adjustable Straps | Apron for Chef, Hotel, Cafe, Restaurant, Gardening, Workshop (Grey Pack of 2)",SELLABLE,1,0,0,0,0,0,0,0,0,0,0,0,1,0,CJB1
07/25/2026,X001OW36S9,B0BQMX8QHL,CRM_AP_GREY_PACK OF 2,"CRASOME Apron for Kitchen | Unisex Cooking Apron with 2 Pockets and Adjustable Straps | Apron for Chef, Hotel, Cafe, Restaurant, Gardening, Workshop (Grey Pack of 2)",SELLABLE,1,0,0,0,0,0,0,0,0,0,0,0,1,0,DED4
07/25/2026,X001OW36S9,B0BQMX8QHL,CRM_AP_GREY_PACK OF 2,"CRASOME Apron for Kitchen | Unisex Cooking Apron with 2 Pockets and Adjustable Straps | Apron for Chef, Hotel, Cafe, Restaurant, Gardening, Workshop (Grey Pack of 2)",SELLABLE,1,0,0,0,0,0,0,0,0,0,0,0,1,0,DEL4
07/25/2026,X001OW36S9,B0BQMX8QHL,CRM_AP_GREY_PACK OF 2,"CRASOME Apron for Kitchen | Unisex Cooking Apron with 2 Pockets and Adjustable Straps | Apron for Chef, Hotel, Cafe, Restaurant, Gardening, Workshop (Grey Pack of 2)",SELLABLE,2,0,0,0,0,0,0,0,0,0,0,0,2,0,MAA4
07/25/2026,X001OW36S9,B0BQMX8QHL,CRM_AP_GREY_PACK OF 2,"CRASOME Apron for Kitchen | Unisex Cooking Apron with 2 Pockets and Adjustable Straps | Apron for Chef, Hotel, Cafe, Restaurant, Gardening, Workshop (Grey Pack of 2)",SELLABLE,9,0,0,0,0,0,0,0,0,0,0,0,9,0,PNQ3
07/25/2026,X001OW3EB3,B0BQMZKF2K,CRM_AP_TEN _PACK OF 3,"CRASOME Apron for Kitchen | Unisex Cooking Apron with 2 Pockets and Adjustable Straps | Apron for Chef, Hotel, Cafe, Restaurant, Gardening, Workshop (Tan Pack of 3)",SELLABLE,3,0,0,0,0,0,0,0,0,0,0,0,3,0,BOM5
07/25/2026,X001OW3EB3,B0BQMZKF2K,CRM_AP_TEN _PACK OF 3,"CRASOME Apron for Kitchen | Unisex Cooking Apron with 2 Pockets and Adjustable Straps | Apron for Chef, Hotel, Cafe, Restaurant, Gardening, Workshop (Tan Pack of 3)",SELLABLE,7,1,0,0,0,0,0,0,0,0,0,0,7,0,MAA4
07/25/2026,X001OW3EB3,B0BQMZKF2K,CRM_AP_TEN _PACK OF 3,"CRASOME Apron for Kitchen | Unisex Cooking Apron with 2 Pockets and Adjustable Straps | Apron for Chef, Hotel, Cafe, Restaurant, Gardening, Workshop (Tan Pack of 3)",SELLABLE,7,0,0,0,0,0,0,0,0,0,0,0,7,0,PNQ3
07/25/2026,X001OW3FHB,B0BQMSCT6Y,CRM_AP_BLACK_PACK OF 2,"CRASOME Apron for Kitchen | Unisex Cooking Apron with 2 Pockets and Adjustable Straps | Apron for Chef, Hotel, Cafe, Restaurant, Gardening, Workshop (Black Pack of 2)",SELLABLE,1,0,0,0,0,0,0,0,0,0,0,0,1,0,AMD2
07/25/2026,X001OW3FHB,B0BQMSCT6Y,CRM_AP_BLACK_PACK OF 2,"CRASOME Apron for Kitchen | Unisex Cooking Apron with 2 Pockets and Adjustable Straps | Apron for Chef, Hotel, Cafe, Restaurant, Gardening, Workshop (Black Pack of 2)",SELLABLE,12,0,0,0,0,0,0,0,0,0,0,0,12,0,BLR7
07/25/2026,X001OW3FHB,B0BQMSCT6Y,CRM_AP_BLACK_PACK OF 2,"CRASOME Apron for Kitchen | Unisex Cooking Apron with 2 Pockets and Adjustable Straps | Apron for Chef, Hotel, Cafe, Restaurant, Gardening, Workshop (Black Pack of 2)",SELLABLE,11,0,0,0,0,0,0,0,0,0,0,0,11,0,BLR8
07/25/2026,X001OW3FHB,B0BQMSCT6Y,CRM_AP_BLACK_PACK OF 2,"CRASOME Apron for Kitchen | Unisex Cooking Apron with 2 Pockets and Adjustable Straps | Apron for Chef, Hotel, Cafe, Restaurant, Gardening, Workshop (Black Pack of 2)",SELLABLE,10,0,0,0,0,0,0,0,0,0,0,0,10,0,BOM5
07/25/2026,X001OW3FHB,B0BQMSCT6Y,CRM_AP_BLACK_PACK OF 2,"CRASOME Apron for Kitchen | Unisex Cooking Apron with 2 Pockets and Adjustable Straps | Apron for Chef, Hotel, Cafe, Restaurant, Gardening, Workshop (Black Pack of 2)",SELLABLE,2,0,0,0,0,0,0,0,0,0,0,0,2,0,CJB1
07/25/2026,X001OW3FHB,B0BQMSCT6Y,CRM_AP_BLACK_PACK OF 2,"CRASOME Apron for Kitchen | Unisex Cooking Apron with 2 Pockets and Adjustable Straps | Apron for Chef, Hotel, Cafe, Restaurant, Gardening, Workshop (Black Pack of 2)",SELLABLE,2,0,0,0,2,0,0,0,0,0,0,0,4,0,DED4
07/25/2026,X001OW3FHB,B0BQMSCT6Y,CRM_AP_BLACK_PACK OF 2,"CRASOME Apron for Kitchen | Unisex Cooking Apron with 2 Pockets and Adjustable Straps | Apron for Chef, Hotel, Cafe, Restaurant, Gardening, Workshop (Black Pack of 2)",SELLABLE,4,0,0,0,0,0,0,0,0,0,0,0,4,0,DEL4
07/25/2026,X001OW3FHB,B0BQMSCT6Y,CRM_AP_BLACK_PACK OF 2,"CRASOME Apron for Kitchen | Unisex Cooking Apron with 2 Pockets and Adjustable Straps | Apron for Chef, Hotel, Cafe, Restaurant, Gardening, Workshop (Black Pack of 2)",SELLABLE,3,0,0,0,0,0,0,0,0,0,0,0,3,0,DEL5
07/25/2026,X001OW3FHB,B0BQMSCT6Y,CRM_AP_BLACK_PACK OF 2,"CRASOME Apron for Kitchen | Unisex Cooking Apron with 2 Pockets and Adjustable Straps | Apron for Chef, Hotel, Cafe, Restaurant, Gardening, Workshop (Black Pack of 2)",SELLABLE,8,0,0,0,0,0,0,0,0,0,0,0,8,0,MAA4
07/25/2026,X001OW3FHB,B0BQMSCT6Y,CRM_AP_BLACK_PACK OF 2,"CRASOME Apron for Kitchen | Unisex Cooking Apron with 2 Pockets and Adjustable Straps | Apron for Chef, Hotel, Cafe, Restaurant, Gardening, Workshop (Black Pack of 2)",SELLABLE,20,0,0,0,0,0,0,0,0,0,0,0,20,0,PNQ3
07/25/2026,X001OW3X37,B0BQMV2D6H,CRM_AP_RED_PACK OF 2,"CRASOME Apron for Kitchen | Unisex Cooking Apron with 2 Pockets and Adjustable Straps | Apron for Chef, Hotel, Cafe, Restaurant, Gardening, Workshop (Red Pack of 2)",SELLABLE,1,0,0,0,0,0,0,0,0,0,0,0,1,0,AMD2
07/25/2026,X001OW3X37,B0BQMV2D6H,CRM_AP_RED_PACK OF 2,"CRASOME Apron for Kitchen | Unisex Cooking Apron with 2 Pockets and Adjustable Straps | Apron for Chef, Hotel, Cafe, Restaurant, Gardening, Workshop (Red Pack of 2)",SELLABLE,1,0,0,0,0,0,0,0,0,0,0,0,1,0,BLR8
07/25/2026,X001OW3X37,B0BQMV2D6H,CRM_AP_RED_PACK OF 2,"CRASOME Apron for Kitchen | Unisex Cooking Apron with 2 Pockets and Adjustable Straps | Apron for Chef, Hotel, Cafe, Restaurant, Gardening, Workshop (Red Pack of 2)",SELLABLE,7,0,0,0,0,0,0,0,0,0,0,0,7,0,BOM5
07/25/2026,X001OW3X37,B0BQMV2D6H,CRM_AP_RED_PACK OF 2,"CRASOME Apron for Kitchen | Unisex Cooking Apron with 2 Pockets and Adjustable Straps | Apron for Chef, Hotel, Cafe, Restaurant, Gardening, Workshop (Red Pack of 2)",SELLABLE,8,0,0,-1,0,0,0,0,0,0,0,0,7,0,CJB1
07/25/2026,X001OW3X37,B0BQMV2D6H,CRM_AP_RED_PACK OF 2,"CRASOME Apron for Kitchen | Unisex Cooking Apron with 2 Pockets and Adjustable Straps | Apron for Chef, Hotel, Cafe, Restaurant, Gardening, Workshop (Red Pack of 2)",SELLABLE,7,0,0,0,0,0,0,0,0,0,0,0,7,0,DEL4
07/25/2026,X001OW3X37,B0BQMV2D6H,CRM_AP_RED_PACK OF 2,"CRASOME Apron for Kitchen | Unisex Cooking Apron with 2 Pockets and Adjustable Straps | Apron for Chef, Hotel, Cafe, Restaurant, Gardening, Workshop (Red Pack of 2)",SELLABLE,1,0,0,0,0,0,0,0,0,0,0,0,1,0,MAA4
07/25/2026,X001OW3ZFN,B0BQMYFYKL,CRM_AP_BROWN_PACK OF 3,"CRASOME Apron for Kitchen | Unisex Cooking Apron with 2 Pockets and Adjustable Straps | Apron for Chef, Hotel, Cafe, Restaurant, Gardening, Workshop (Brown Pack of 3)",SELLABLE,1,0,0,0,0,0,0,0,0,0,0,0,1,0,BOM5
07/25/2026,X001OW3ZFN,B0BQMYFYKL,CRM_AP_BROWN_PACK OF 3,"CRASOME Apron for Kitchen | Unisex Cooking Apron with 2 Pockets and Adjustable Straps | Apron for Chef, Hotel, Cafe, Restaurant, Gardening, Workshop (Brown Pack of 3)",SELLABLE,1,0,0,-1,0,0,0,0,0,0,0,0,0,0,DEL4
07/25/2026,X001OW4WB9,B0BQMTZ1KM,CRM_AP_GREEN_PACK OF 2,"CRASOME Apron for Kitchen | Unisex Cooking Apron with 2 Pockets and Adjustable Straps | Apron for Chef, Hotel, Cafe, Restaurant, Gardening, Workshop (Green Pack of 2)",SELLABLE,1,0,0,0,0,0,0,0,0,0,0,0,1,0,AMD2
07/25/2026,X001OW4WB9,B0BQMTZ1KM,CRM_AP_GREEN_PACK OF 2,"CRASOME Apron for Kitchen | Unisex Cooking Apron with 2 Pockets and Adjustable Straps | Apron for Chef, Hotel, Cafe, Restaurant, Gardening, Workshop (Green Pack of 2)",SELLABLE,3,0,0,0,0,0,0,0,0,0,0,0,3,0,BLR8
07/25/2026,X001OW4WB9,B0BQMTZ1KM,CRM_AP_GREEN_PACK OF 2,"CRASOME Apron for Kitchen | Unisex Cooking Apron with 2 Pockets and Adjustable Straps | Apron for Chef, Hotel, Cafe, Restaurant, Gardening, Workshop (Green Pack of 2)",SELLABLE,1,0,0,0,0,0,0,0,0,0,0,0,1,0,BOM5
07/25/2026,X001OW4WB9,B0BQMTZ1KM,CRM_AP_GREEN_PACK OF 2,"CRASOME Apron for Kitchen | Unisex Cooking Apron with 2 Pockets and Adjustable Straps | Apron for Chef, Hotel, Cafe, Restaurant, Gardening, Workshop (Green Pack of 2)",SELLABLE,1,0,0,0,0,0,0,0,0,0,0,0,1,0,DED4
07/25/2026,X001OW4WB9,B0BQMTZ1KM,CRM_AP_GREEN_PACK OF 2,"CRASOME Apron for Kitchen | Unisex Cooking Apron with 2 Pockets and Adjustable Straps | Apron for Chef, Hotel, Cafe, Restaurant, Gardening, Workshop (Green Pack of 2)",SELLABLE,3,0,0,0,0,0,0,0,0,0,0,0,3,0,DEL5
07/25/2026,X001OW4WB9,B0BQMTZ1KM,CRM_AP_GREEN_PACK OF 2,"CRASOME Apron for Kitchen | Unisex Cooking Apron with 2 Pockets and Adjustable Straps | Apron for Chef, Hotel, Cafe, Restaurant, Gardening, Workshop (Green Pack of 2)",SELLABLE,1,0,0,0,0,0,0,0,0,0,0,0,1,0,MAA4
07/25/2026,X001OW5YED,B0BQMXRGYR,CRM_AP_GREEN_PACK OF 3,"CRASOME Apron for Kitchen | Unisex Cooking Apron with 2 Pockets and Adjustable Straps | Apron for Chef, Hotel, Cafe, Restaurant, Gardening, Workshop (Green Pack of 3)",SELLABLE,1,0,0,0,0,0,0,0,0,0,0,0,1,0,AMD2
07/25/2026,X001OW5YED,B0BQMXRGYR,CRM_AP_GREEN_PACK OF 3,"CRASOME Apron for Kitchen | Unisex Cooking Apron with 2 Pockets and Adjustable Straps | Apron for Chef, Hotel, Cafe, Restaurant, Gardening, Workshop (Green Pack of 3)",SELLABLE,1,0,0,0,0,0,0,0,0,0,0,0,1,0,BLR7
07/25/2026,X001OW5YED,B0BQMXRGYR,CRM_AP_GREEN_PACK OF 3,"CRASOME Apron for Kitchen | Unisex Cooking Apron with 2 Pockets and Adjustable Straps | Apron for Chef, Hotel, Cafe, Restaurant, Gardening, Workshop (Green Pack of 3)",SELLABLE,4,0,0,0,0,0,0,0,0,0,0,0,4,0,BLR8
07/25/2026,X001OW5YED,B0BQMXRGYR,CRM_AP_GREEN_PACK OF 3,"CRASOME Apron for Kitchen | Unisex Cooking Apron with 2 Pockets and Adjustable Straps | Apron for Chef, Hotel, Cafe, Restaurant, Gardening, Workshop (Green Pack of 3)",SELLABLE,1,0,0,0,0,0,0,0,0,0,0,0,1,0,BOM5
07/25/2026,X001OW5YED,B0BQMXRGYR,CRM_AP_GREEN_PACK OF 3,"CRASOME Apron for Kitchen | Unisex Cooking Apron with 2 Pockets and Adjustable Straps | Apron for Chef, Hotel, Cafe, Restaurant, Gardening, Workshop (Green Pack of 3)",SELLABLE,1,0,0,-1,0,0,0,0,0,0,0,0,0,0,DEL4
07/25/2026,X001OW5YED,B0BQMXRGYR,CRM_AP_GREEN_PACK OF 3,"CRASOME Apron for Kitchen | Unisex Cooking Apron with 2 Pockets and Adjustable Straps | Apron for Chef, Hotel, Cafe, Restaurant, Gardening, Workshop (Green Pack of 3)",SELLABLE,0,0,0,0,0,0,1,0,0,0,0,0,1,0,DEL5
07/25/2026,X001OW5YED,B0BQMXRGYR,CRM_AP_GREEN_PACK OF 3,"CRASOME Apron for Kitchen | Unisex Cooking Apron with 2 Pockets and Adjustable Straps | Apron for Chef, Hotel, Cafe, Restaurant, Gardening, Workshop (Green Pack of 3)",SELLABLE,1,0,0,0,0,0,0,0,0,0,0,0,1,0,MAA4
07/25/2026,X001OW75ZT,B0BQMXG193,CRM_AP_RED_PACK OF 3,"CRASOME Apron for Kitchen | Unisex Cooking Apron with 2 Pockets and Adjustable Straps | Apron for Chef, Hotel, Cafe, Restaurant, Gardening, Workshop (Red Pack of 3)",SELLABLE,1,0,0,0,0,0,0,0,0,0,0,0,1,0,AMD2
07/25/2026,X001OW75ZT,B0BQMXG193,CRM_AP_RED_PACK OF 3,"CRASOME Apron for Kitchen | Unisex Cooking Apron with 2 Pockets and Adjustable Straps | Apron for Chef, Hotel, Cafe, Restaurant, Gardening, Workshop (Red Pack of 3)",SELLABLE,2,0,0,0,0,0,0,0,0,0,0,0,2,0,CJB1
07/25/2026,X001OW75ZT,B0BQMXG193,CRM_AP_RED_PACK OF 3,"CRASOME Apron for Kitchen | Unisex Cooking Apron with 2 Pockets and Adjustable Straps | Apron for Chef, Hotel, Cafe, Restaurant, Gardening, Workshop (Red Pack of 3)",SELLABLE,2,0,0,0,0,0,0,0,0,0,0,0,2,0,DEL5
07/25/2026,X001T7PV2X,B0C9X542SL,CP-BLACK-1-PACK OF 2,"CRASOME Polyester Storage Organizer Gadget Pouch for USB Cable, Earphone, Power Bank, Charger, Hard Disk, Pen Drive, Travel Gadgets Organiser Bag, Laptop Charger Pouch (Black Pack of 2)",SELLABLE,9,0,0,0,0,0,0,0,0,0,0,0,9,0,BLR7
07/25/2026,X001T7PV2X,B0C9X542SL,CP-BLACK-1-PACK OF 2,"CRASOME Polyester Storage Organizer Gadget Pouch for USB Cable, Earphone, Power Bank, Charger, Hard Disk, Pen Drive, Travel Gadgets Organiser Bag, Laptop Charger Pouch (Black Pack of 2)",SELLABLE,2,0,0,0,0,0,0,0,0,0,0,0,2,0,CJB1
07/25/2026,X001T7PV2X,B0C9X542SL,CP-BLACK-1-PACK OF 2,"CRASOME Polyester Storage Organizer Gadget Pouch for USB Cable, Earphone, Power Bank, Charger, Hard Disk, Pen Drive, Travel Gadgets Organiser Bag, Laptop Charger Pouch (Black Pack of 2)",SELLABLE,1,0,0,0,0,0,0,0,0,0,0,0,1,0,DEL5
07/25/2026,X001T7PV2X,B0C9X542SL,CP-BLACK-1-PACK OF 2,"CRASOME Polyester Storage Organizer Gadget Pouch for USB Cable, Earphone, Power Bank, Charger, Hard Disk, Pen Drive, Travel Gadgets Organiser Bag, Laptop Charger Pouch (Black Pack of 2)",SELLABLE,2,0,0,0,0,0,0,0,0,0,0,0,2,0,MAA4
07/25/2026,X001T7PV5F,B0C9X4MBQ3,CP-BLACK-1,"CRASOME Polyester Storage Organizer Gadget Pouch for USB Cable, Earphone, Power Bank, Charger, Hard Disk, Pen Drive, Travel Gadgets Organiser Bag, Laptop Charger Pouch (CP1-Black)",SELLABLE,1,0,0,0,0,0,0,0,0,0,0,0,1,0,AMD2
07/25/2026,X001T7PV5F,B0C9X4MBQ3,CP-BLACK-1,"CRASOME Polyester Storage Organizer Gadget Pouch for USB Cable, Earphone, Power Bank, Charger, Hard Disk, Pen Drive, Travel Gadgets Organiser Bag, Laptop Charger Pouch (CP1-Black)",SELLABLE,18,0,0,0,0,0,0,0,0,0,0,0,18,0,BOM5
07/25/2026,X001T7PV5F,B0C9X4MBQ3,CP-BLACK-1,"CRASOME Polyester Storage Organizer Gadget Pouch for USB Cable, Earphone, Power Bank, Charger, Hard Disk, Pen Drive, Travel Gadgets Organiser Bag, Laptop Charger Pouch (CP1-Black)",SELLABLE,3,0,0,0,0,0,0,0,0,0,0,0,3,0,DEL5
07/25/2026,X001UTMT3T,B0CH13Q5TC,CRM_AP_TAN,"CRASOME Apron for Kitchen | Unisex Cooking Apron with 2 Pockets and Adjustable Straps | Apron for Chef, Hotel, Cafe, Restaurant, Gardening, Workshop (Tan)",SELLABLE,3,0,0,0,0,0,0,0,0,0,0,0,3,0,BLR7
07/25/2026,X001UTMT3T,B0CH13Q5TC,CRM_AP_TAN,"CRASOME Apron for Kitchen | Unisex Cooking Apron with 2 Pockets and Adjustable Straps | Apron for Chef, Hotel, Cafe, Restaurant, Gardening, Workshop (Tan)",SELLABLE,2,0,0,-1,0,0,0,0,0,0,0,0,1,0,BLR8
07/25/2026,X001UTMT3T,B0CH13Q5TC,CRM_AP_TAN,"CRASOME Apron for Kitchen | Unisex Cooking Apron with 2 Pockets and Adjustable Straps | Apron for Chef, Hotel, Cafe, Restaurant, Gardening, Workshop (Tan)",SELLABLE,1,0,0,0,0,0,0,0,0,0,0,0,1,0,BOM5
07/25/2026,X001UTMT3T,B0CH13Q5TC,CRM_AP_TAN,"CRASOME Apron for Kitchen | Unisex Cooking Apron with 2 Pockets and Adjustable Straps | Apron for Chef, Hotel, Cafe, Restaurant, Gardening, Workshop (Tan)",SELLABLE,1,0,0,0,0,0,0,0,0,0,0,0,1,0,BOM7
07/25/2026,X001UTMT3T,B0CH13Q5TC,CRM_AP_TAN,"CRASOME Apron for Kitchen | Unisex Cooking Apron with 2 Pockets and Adjustable Straps | Apron for Chef, Hotel, Cafe, Restaurant, Gardening, Workshop (Tan)",SELLABLE,2,0,0,0,0,0,0,0,0,0,0,0,2,0,CJB1
07/25/2026,X001UTMT3T,B0CH13Q5TC,CRM_AP_TAN,"CRASOME Apron for Kitchen | Unisex Cooking Apron with 2 Pockets and Adjustable Straps | Apron for Chef, Hotel, Cafe, Restaurant, Gardening, Workshop (Tan)",SELLABLE,1,0,0,0,0,0,0,0,0,0,0,0,1,0,DED4
07/25/2026,X001UTMT3T,B0CH13Q5TC,CRM_AP_TAN,"CRASOME Apron for Kitchen | Unisex Cooking Apron with 2 Pockets and Adjustable Straps | Apron for Chef, Hotel, Cafe, Restaurant, Gardening, Workshop (Tan)",SELLABLE,8,0,0,0,0,0,0,0,0,0,0,0,8,0,DEL4
07/25/2026,X001UTMT3T,B0CH13Q5TC,CRM_AP_TAN,"CRASOME Apron for Kitchen | Unisex Cooking Apron with 2 Pockets and Adjustable Straps | Apron for Chef, Hotel, Cafe, Restaurant, Gardening, Workshop (Tan)",SELLABLE,7,0,0,0,0,0,0,0,0,0,0,0,7,0,MAA4
07/25/2026,X001UTMT3T,B0CH13Q5TC,CRM_AP_TAN,"CRASOME Apron for Kitchen | Unisex Cooking Apron with 2 Pockets and Adjustable Straps | Apron for Chef, Hotel, Cafe, Restaurant, Gardening, Workshop (Tan)",SELLABLE,5,0,0,0,1,0,0,0,0,0,0,0,6,0,PNQ3
07/25/2026,X001UTR6K5,B0CH112ZPG,CRM_AP_GREEN,"CRASOME Apron for Kitchen | Unisex Cooking Apron with 2 Pockets and Adjustable Straps | Apron for Chef, Hotel, Cafe, Restaurant, Gardening, Workshop (Green)",SELLABLE,6,0,0,0,0,0,0,0,0,0,0,0,6,0,AMD2
07/25/2026,X001UTR6K5,B0CH112ZPG,CRM_AP_GREEN,"CRASOME Apron for Kitchen | Unisex Cooking Apron with 2 Pockets and Adjustable Straps | Apron for Chef, Hotel, Cafe, Restaurant, Gardening, Workshop (Green)",SELLABLE,8,0,0,0,0,0,0,0,0,0,0,0,8,0,BLR7
07/25/2026,X001UTR6K5,B0CH112ZPG,CRM_AP_GREEN,"CRASOME Apron for Kitchen | Unisex Cooking Apron with 2 Pockets and Adjustable Straps | Apron for Chef, Hotel, Cafe, Restaurant, Gardening, Workshop (Green)",SELLABLE,25,0,0,0,0,0,0,0,0,0,0,0,25,0,BLR8
07/25/2026,X001UTR6K5,B0CH112ZPG,CRM_AP_GREEN,"CRASOME Apron for Kitchen | Unisex Cooking Apron with 2 Pockets and Adjustable Straps | Apron for Chef, Hotel, Cafe, Restaurant, Gardening, Workshop (Green)",SELLABLE,4,0,0,0,0,0,0,0,0,0,0,0,4,0,BOM5
07/25/2026,X001UTR6K5,B0CH112ZPG,CRM_AP_GREEN,"CRASOME Apron for Kitchen | Unisex Cooking Apron with 2 Pockets and Adjustable Straps | Apron for Chef, Hotel, Cafe, Restaurant, Gardening, Workshop (Green)",SELLABLE,2,0,0,0,0,0,0,0,0,0,0,0,2,0,BOM7
07/25/2026,X001UTR6K5,B0CH112ZPG,CRM_AP_GREEN,"CRASOME Apron for Kitchen | Unisex Cooking Apron with 2 Pockets and Adjustable Straps | Apron for Chef, Hotel, Cafe, Restaurant, Gardening, Workshop (Green)",SELLABLE,1,0,0,0,0,0,0,0,0,0,0,0,1,0,CJB1
07/25/2026,X001UTR6K5,B0CH112ZPG,CRM_AP_GREEN,"CRASOME Apron for Kitchen | Unisex Cooking Apron with 2 Pockets and Adjustable Straps | Apron for Chef, Hotel, Cafe, Restaurant, Gardening, Workshop (Green)",SELLABLE,1,0,0,0,0,0,0,0,0,0,0,0,1,0,DED4
07/25/2026,X001UTR6K5,B0CH112ZPG,CRM_AP_GREEN,"CRASOME Apron for Kitchen | Unisex Cooking Apron with 2 Pockets and Adjustable Straps | Apron for Chef, Hotel, Cafe, Restaurant, Gardening, Workshop (Green)",SELLABLE,5,0,0,0,0,0,0,0,0,0,0,0,5,0,DEL4
07/25/2026,X001UTR6K5,B0CH112ZPG,CRM_AP_GREEN,"CRASOME Apron for Kitchen | Unisex Cooking Apron with 2 Pockets and Adjustable Straps | Apron for Chef, Hotel, Cafe, Restaurant, Gardening, Workshop (Green)",SELLABLE,1,0,0,0,0,0,0,0,0,0,0,0,1,0,DEL5
07/25/2026,X001UTR6K5,B0CH112ZPG,CRM_AP_GREEN,"CRASOME Apron for Kitchen | Unisex Cooking Apron with 2 Pockets and Adjustable Straps | Apron for Chef, Hotel, Cafe, Restaurant, Gardening, Workshop (Green)",SELLABLE,7,0,0,0,0,0,0,0,0,0,0,0,7,0,MAA4
07/25/2026,X001UTR6K5,B0CH112ZPG,CRM_AP_GREEN,"CRASOME Apron for Kitchen | Unisex Cooking Apron with 2 Pockets and Adjustable Straps | Apron for Chef, Hotel, Cafe, Restaurant, Gardening, Workshop (Green)",SELLABLE,6,0,0,0,0,0,0,0,0,0,0,0,6,0,PNQ3
07/25/2026,X001UUJYRR,B0CH3JNFVV,CRM_NW_BLACK_DC_PACK OF 2,CRASOME Water Dispenser for 20 ltr / Litre Bottle Jar Cover (Black Pack of 2),SELLABLE,1,0,0,0,0,0,0,0,0,0,0,0,1,0,AMD2
07/25/2026,X001UUJYRR,B0CH3JNFVV,CRM_NW_BLACK_DC_PACK OF 2,CRASOME Water Dispenser for 20 ltr / Litre Bottle Jar Cover (Black Pack of 2),SELLABLE,3,0,0,0,0,0,0,0,0,0,0,0,3,0,BLR7
07/25/2026,X001UUJYRR,B0CH3JNFVV,CRM_NW_BLACK_DC_PACK OF 2,CRASOME Water Dispenser for 20 ltr / Litre Bottle Jar Cover (Black Pack of 2),SELLABLE,3,0,0,0,0,0,0,0,0,0,0,0,3,0,BLR8
07/25/2026,X001UUJYRR,B0CH3JNFVV,CRM_NW_BLACK_DC_PACK OF 2,CRASOME Water Dispenser for 20 ltr / Litre Bottle Jar Cover (Black Pack of 2),SELLABLE,1,0,0,0,0,0,0,0,0,0,0,0,1,0,BOM5
07/25/2026,X001UUJYRR,B0CH3JNFVV,CRM_NW_BLACK_DC_PACK OF 2,CRASOME Water Dispenser for 20 ltr / Litre Bottle Jar Cover (Black Pack of 2),SELLABLE,1,0,0,0,0,0,0,0,0,0,0,0,1,0,BOM7
07/25/2026,X001UUJYRR,B0CH3JNFVV,CRM_NW_BLACK_DC_PACK OF 2,CRASOME Water Dispenser for 20 ltr / Litre Bottle Jar Cover (Black Pack of 2),SELLABLE,2,0,0,0,0,0,0,0,0,0,0,0,2,0,CJB1
07/25/2026,X001UUJYRR,B0CH3JNFVV,CRM_NW_BLACK_DC_PACK OF 2,CRASOME Water Dispenser for 20 ltr / Litre Bottle Jar Cover (Black Pack of 2),SELLABLE,1,0,0,0,0,0,0,0,0,0,0,0,1,0,DED4
07/25/2026,X001UUJYRR,B0CH3JNFVV,CRM_NW_BLACK_DC_PACK OF 2,CRASOME Water Dispenser for 20 ltr / Litre Bottle Jar Cover (Black Pack of 2),SELLABLE,1,0,0,0,0,0,0,0,0,0,0,0,1,0,DEL4
07/25/2026,X001UUJYRR,B0CH3JNFVV,CRM_NW_BLACK_DC_PACK OF 2,CRASOME Water Dispenser for 20 ltr / Litre Bottle Jar Cover (Black Pack of 2),SELLABLE,2,0,0,0,0,0,0,0,0,0,0,0,2,0,PNQ3
07/25/2026,X001UULHO5,B0CH3F8952,CRM_NW_GREY_DC_PACK OF 2,CRASOME Water Dispenser for 20 ltr / Litre Bottle Jar Cover (Grey Pack of 2),SELLABLE,1,0,0,0,0,0,0,0,0,0,0,0,1,0,AMD2
07/25/2026,X001UULHO5,B0CH3F8952,CRM_NW_GREY_DC_PACK OF 2,CRASOME Water Dispenser for 20 ltr / Litre Bottle Jar Cover (Grey Pack of 2),SELLABLE,3,0,0,0,0,0,0,0,0,0,0,0,3,0,BLR7
07/25/2026,X001UULHO5,B0CH3F8952,CRM_NW_GREY_DC_PACK OF 2,CRASOME Water Dispenser for 20 ltr / Litre Bottle Jar Cover (Grey Pack of 2),SELLABLE,6,0,0,0,0,0,0,0,0,0,0,0,6,0,BLR8
07/25/2026,X001UULHO5,B0CH3F8952,CRM_NW_GREY_DC_PACK OF 2,CRASOME Water Dispenser for 20 ltr / Litre Bottle Jar Cover (Grey Pack of 2),SELLABLE,8,0,0,0,0,0,0,0,0,0,0,0,8,0,BOM5
07/25/2026,X001UULHO5,B0CH3F8952,CRM_NW_GREY_DC_PACK OF 2,CRASOME Water Dispenser for 20 ltr / Litre Bottle Jar Cover (Grey Pack of 2),SELLABLE,2,0,0,0,0,0,0,0,0,0,0,0,2,0,BOM7
07/25/2026,X001UULHO5,B0CH3F8952,CRM_NW_GREY_DC_PACK OF 2,CRASOME Water Dispenser for 20 ltr / Litre Bottle Jar Cover (Grey Pack of 2),SELLABLE,2,0,0,0,0,0,0,0,0,0,0,0,2,0,CJB1
07/25/2026,X001UULHO5,B0CH3F8952,CRM_NW_GREY_DC_PACK OF 2,CRASOME Water Dispenser for 20 ltr / Litre Bottle Jar Cover (Grey Pack of 2),SELLABLE,1,0,0,0,0,0,0,0,0,0,0,0,1,0,DED4
07/25/2026,X001UULHO5,B0CH3F8952,CRM_NW_GREY_DC_PACK OF 2,CRASOME Water Dispenser for 20 ltr / Litre Bottle Jar Cover (Grey Pack of 2),SELLABLE,4,0,0,0,0,0,0,0,0,0,0,0,4,0,DEL4
07/25/2026,X001UULHO5,B0CH3F8952,CRM_NW_GREY_DC_PACK OF 2,CRASOME Water Dispenser for 20 ltr / Litre Bottle Jar Cover (Grey Pack of 2),SELLABLE,5,0,0,0,0,0,0,0,0,0,0,0,5,0,DEL5
07/25/2026,X001UULHO5,B0CH3F8952,CRM_NW_GREY_DC_PACK OF 2,CRASOME Water Dispenser for 20 ltr / Litre Bottle Jar Cover (Grey Pack of 2),SELLABLE,2,0,0,0,0,0,0,0,0,0,0,0,2,0,PNQ3
07/25/2026,X001UUN73J,B0CH3L3PYX,CRM_NW_GREY_DC_PACK OF 5,CRASOME Water Dispenser for 20 ltr / Litre Bottle Jar Cover (Grey Pack of 5),SELLABLE,1,0,0,0,0,0,0,0,0,0,0,0,1,0,AMD2
07/25/2026,X001UUN73J,B0CH3L3PYX,CRM_NW_GREY_DC_PACK OF 5,CRASOME Water Dispenser for 20 ltr / Litre Bottle Jar Cover (Grey Pack of 5),SELLABLE,0,1,0,0,0,0,0,0,0,0,0,0,0,0,BLR4
07/25/2026,X001UUN73J,B0CH3L3PYX,CRM_NW_GREY_DC_PACK OF 5,CRASOME Water Dispenser for 20 ltr / Litre Bottle Jar Cover (Grey Pack of 5),SELLABLE,1,0,0,0,0,0,0,0,0,0,0,0,1,0,BLR7
07/25/2026,X001UUN73J,B0CH3L3PYX,CRM_NW_GREY_DC_PACK OF 5,CRASOME Water Dispenser for 20 ltr / Litre Bottle Jar Cover (Grey Pack of 5),SELLABLE,3,0,0,0,0,0,0,0,0,0,0,0,3,0,BOM5
07/25/2026,X001UUN73J,B0CH3L3PYX,CRM_NW_GREY_DC_PACK OF 5,CRASOME Water Dispenser for 20 ltr / Litre Bottle Jar Cover (Grey Pack of 5),SELLABLE,2,0,0,0,0,0,0,0,0,0,0,0,2,0,BOM7
07/25/2026,X001UUN73J,B0CH3L3PYX,CRM_NW_GREY_DC_PACK OF 5,CRASOME Water Dispenser for 20 ltr / Litre Bottle Jar Cover (Grey Pack of 5),SELLABLE,2,0,0,0,0,0,0,0,0,0,0,0,2,0,DEL5
07/25/2026,X001UUN73J,B0CH3L3PYX,CRM_NW_GREY_DC_PACK OF 5,CRASOME Water Dispenser for 20 ltr / Litre Bottle Jar Cover (Grey Pack of 5),SELLABLE,1,0,0,0,0,0,0,0,0,0,0,0,1,0,MAA4
07/25/2026,X001UUN73J,B0CH3L3PYX,CRM_NW_GREY_DC_PACK OF 5,CRASOME Water Dispenser for 20 ltr / Litre Bottle Jar Cover (Grey Pack of 5),SELLABLE,1,0,0,0,0,0,0,0,0,0,0,0,1,0,PNQ3
07/25/2026,X001UUNTZZ,B0CH3JHFC4,CRM_NW_BLACK_DC_PACK OF 5,CRASOME Water Dispenser for 20 ltr / Litre Bottle Jar Cover (Black Pack of 5),CUSTOMER_DAMAGED,1,0,0,0,0,0,0,0,0,0,0,0,0,0,BOM5
07/25/2026,X001UUNTZZ,B0CH3JHFC4,CRM_NW_BLACK_DC_PACK OF 5,CRASOME Water Dispenser for 20 ltr / Litre Bottle Jar Cover (Black Pack of 5),SELLABLE,0,3,0,0,0,0,0,0,0,0,0,0,0,0,BLR4
07/25/2026,X001UUNTZZ,B0CH3JHFC4,CRM_NW_BLACK_DC_PACK OF 5,CRASOME Water Dispenser for 20 ltr / Litre Bottle Jar Cover (Black Pack of 5),SELLABLE,1,0,0,0,0,0,0,0,0,0,0,0,1,0,BLR7
07/25/2026,X001UUNTZZ,B0CH3JHFC4,CRM_NW_BLACK_DC_PACK OF 5,CRASOME Water Dispenser for 20 ltr / Litre Bottle Jar Cover (Black Pack of 5),SELLABLE,2,0,0,0,0,0,0,0,0,0,0,0,2,0,BLR8
07/25/2026,X001UUNTZZ,B0CH3JHFC4,CRM_NW_BLACK_DC_PACK OF 5,CRASOME Water Dispenser for 20 ltr / Litre Bottle Jar Cover (Black Pack of 5),SELLABLE,2,0,0,0,0,0,0,0,0,0,0,0,2,0,BOM5
07/25/2026,X001UUNTZZ,B0CH3JHFC4,CRM_NW_BLACK_DC_PACK OF 5,CRASOME Water Dispenser for 20 ltr / Litre Bottle Jar Cover (Black Pack of 5),SELLABLE,3,0,0,0,0,0,0,0,0,0,0,0,3,0,DED4
07/25/2026,X001UUNTZZ,B0CH3JHFC4,CRM_NW_BLACK_DC_PACK OF 5,CRASOME Water Dispenser for 20 ltr / Litre Bottle Jar Cover (Black Pack of 5),SELLABLE,4,0,0,0,0,0,0,0,0,0,0,0,4,0,DEL4
07/25/2026,X001UUNTZZ,B0CH3JHFC4,CRM_NW_BLACK_DC_PACK OF 5,CRASOME Water Dispenser for 20 ltr / Litre Bottle Jar Cover (Black Pack of 5),SELLABLE,4,0,0,0,0,0,0,0,0,0,0,0,4,0,DEL5
07/25/2026,X001UUNTZZ,B0CH3JHFC4,CRM_NW_BLACK_DC_PACK OF 5,CRASOME Water Dispenser for 20 ltr / Litre Bottle Jar Cover (Black Pack of 5),SELLABLE,1,0,0,0,0,0,0,0,0,0,0,0,1,0,MAA4
07/25/2026,X001XA4ADR,B0CQ8KNQMG,CRM-HP-580-Black,Crasome Dust & Water Proof Printer Cover for HP Smart Tank All-in-One 580 / 581 / 584 / 585 (Black),CUSTOMER_DAMAGED,1,0,0,0,0,0,0,0,0,0,0,0,0,0,AMD2
07/25/2026,X001XA4ADR,B0CQ8KNQMG,CRM-HP-580-Black,Crasome Dust & Water Proof Printer Cover for HP Smart Tank All-in-One 580 / 581 / 584 / 585 (Black),SELLABLE,3,0,0,0,0,0,0,0,0,0,0,0,3,0,AMD2
07/25/2026,X001XA4ADR,B0CQ8KNQMG,CRM-HP-580-Black,Crasome Dust & Water Proof Printer Cover for HP Smart Tank All-in-One 580 / 581 / 584 / 585 (Black),SELLABLE,0,1,0,0,0,0,0,0,0,0,0,0,0,0,BLR4
07/25/2026,X001XA4ADR,B0CQ8KNQMG,CRM-HP-580-Black,Crasome Dust & Water Proof Printer Cover for HP Smart Tank All-in-One 580 / 581 / 584 / 585 (Black),SELLABLE,6,0,0,0,0,0,0,0,0,0,0,0,6,0,BLR7
07/25/2026,X001XA4ADR,B0CQ8KNQMG,CRM-HP-580-Black,Crasome Dust & Water Proof Printer Cover for HP Smart Tank All-in-One 580 / 581 / 584 / 585 (Black),SELLABLE,10,0,0,0,0,0,0,0,0,0,0,0,10,0,BLR8
07/25/2026,X001XA4ADR,B0CQ8KNQMG,CRM-HP-580-Black,Crasome Dust & Water Proof Printer Cover for HP Smart Tank All-in-One 580 / 581 / 584 / 585 (Black),SELLABLE,9,0,0,0,0,0,2,0,0,0,0,0,11,0,BOM5
07/25/2026,X001XA4ADR,B0CQ8KNQMG,CRM-HP-580-Black,Crasome Dust & Water Proof Printer Cover for HP Smart Tank All-in-One 580 / 581 / 584 / 585 (Black),SELLABLE,3,0,0,0,0,0,0,0,0,0,0,0,3,0,BOM7
07/25/2026,X001XA4ADR,B0CQ8KNQMG,CRM-HP-580-Black,Crasome Dust & Water Proof Printer Cover for HP Smart Tank All-in-One 580 / 581 / 584 / 585 (Black),SELLABLE,10,0,0,-1,0,0,0,0,0,0,0,0,9,0,CJB1
07/25/2026,X001XA4ADR,B0CQ8KNQMG,CRM-HP-580-Black,Crasome Dust & Water Proof Printer Cover for HP Smart Tank All-in-One 580 / 581 / 584 / 585 (Black),SELLABLE,7,0,0,0,0,0,0,0,0,0,0,0,7,0,DED4
07/25/2026,X001XA4ADR,B0CQ8KNQMG,CRM-HP-580-Black,Crasome Dust & Water Proof Printer Cover for HP Smart Tank All-in-One 580 / 581 / 584 / 585 (Black),SELLABLE,7,0,0,0,0,0,0,0,0,0,0,0,7,0,DEL4
07/25/2026,X001XA4ADR,B0CQ8KNQMG,CRM-HP-580-Black,Crasome Dust & Water Proof Printer Cover for HP Smart Tank All-in-One 580 / 581 / 584 / 585 (Black),SELLABLE,19,0,0,0,0,0,0,0,0,0,0,0,19,0,DEL5
07/25/2026,X001XA4ADR,B0CQ8KNQMG,CRM-HP-580-Black,Crasome Dust & Water Proof Printer Cover for HP Smart Tank All-in-One 580 / 581 / 584 / 585 (Black),SELLABLE,18,0,0,0,0,0,0,0,0,0,0,0,18,0,MAA4
07/25/2026,X001XA4ADR,B0CQ8KNQMG,CRM-HP-580-Black,Crasome Dust & Water Proof Printer Cover for HP Smart Tank All-in-One 580 / 581 / 584 / 585 (Black),SELLABLE,15,0,0,-1,0,0,0,0,0,0,0,0,14,0,PNQ3
07/25/2026,X001XA4AIR,B0CQ8MGHWP,CRM-HP-580-Grey,Crasome Dust & Water Proof Printer Cover for HP Smart Tank All-in-One 580 / 581 / 584 / 585 (Grey),SELLABLE,15,0,0,0,0,0,0,0,0,0,0,0,15,0,AMD2
07/25/2026,X001XA4AIR,B0CQ8MGHWP,CRM-HP-580-Grey,Crasome Dust & Water Proof Printer Cover for HP Smart Tank All-in-One 580 / 581 / 584 / 585 (Grey),SELLABLE,0,3,0,0,0,0,0,0,0,0,0,0,0,0,BLR4
07/25/2026,X001XA4AIR,B0CQ8MGHWP,CRM-HP-580-Grey,Crasome Dust & Water Proof Printer Cover for HP Smart Tank All-in-One 580 / 581 / 584 / 585 (Grey),SELLABLE,39,0,0,-1,0,0,0,0,0,0,0,0,38,0,BLR7
07/25/2026,X001XA4AIR,B0CQ8MGHWP,CRM-HP-580-Grey,Crasome Dust & Water Proof Printer Cover for HP Smart Tank All-in-One 580 / 581 / 584 / 585 (Grey),SELLABLE,67,0,0,-1,0,0,0,0,0,0,0,0,66,0,BLR8
07/25/2026,X001XA4AIR,B0CQ8MGHWP,CRM-HP-580-Grey,Crasome Dust & Water Proof Printer Cover for HP Smart Tank All-in-One 580 / 581 / 584 / 585 (Grey),SELLABLE,35,0,0,0,0,0,15,0,0,0,0,0,50,0,BOM5
07/25/2026,X001XA4AIR,B0CQ8MGHWP,CRM-HP-580-Grey,Crasome Dust & Water Proof Printer Cover for HP Smart Tank All-in-One 580 / 581 / 584 / 585 (Grey),SELLABLE,36,0,0,0,0,0,0,0,0,0,0,0,36,0,BOM7
07/25/2026,X001XA4AIR,B0CQ8MGHWP,CRM-HP-580-Grey,Crasome Dust & Water Proof Printer Cover for HP Smart Tank All-in-One 580 / 581 / 584 / 585 (Grey),SELLABLE,54,0,0,-1,0,0,0,0,0,0,0,0,53,0,CJB1
07/25/2026,X001XA4AIR,B0CQ8MGHWP,CRM-HP-580-Grey,Crasome Dust & Water Proof Printer Cover for HP Smart Tank All-in-One 580 / 581 / 584 / 585 (Grey),SELLABLE,55,0,0,-1,0,0,0,0,0,0,0,0,54,0,DED4
07/25/2026,X001XA4AIR,B0CQ8MGHWP,CRM-HP-580-Grey,Crasome Dust & Water Proof Printer Cover for HP Smart Tank All-in-One 580 / 581 / 584 / 585 (Grey),SELLABLE,30,0,0,-2,0,0,0,0,0,0,0,0,28,0,DEL4
07/25/2026,X001XA4AIR,B0CQ8MGHWP,CRM-HP-580-Grey,Crasome Dust & Water Proof Printer Cover for HP Smart Tank All-in-One 580 / 581 / 584 / 585 (Grey),SELLABLE,40,0,0,-2,0,0,1,0,0,0,0,0,39,0,DEL5
07/25/2026,X001XA4AIR,B0CQ8MGHWP,CRM-HP-580-Grey,Crasome Dust & Water Proof Printer Cover for HP Smart Tank All-in-One 580 / 581 / 584 / 585 (Grey),SELLABLE,41,0,0,0,0,0,0,0,0,0,0,0,41,0,MAA4
07/25/2026,X001XA4AIR,B0CQ8MGHWP,CRM-HP-580-Grey,Crasome Dust & Water Proof Printer Cover for HP Smart Tank All-in-One 580 / 581 / 584 / 585 (Grey),SELLABLE,26,0,0,-1,0,0,0,0,0,0,0,0,25,0,PNQ3
07/25/2026,X001XAE9T7,B0CQC2FSMM,CRM-HP-750-Black,Crasome Dust & Water Proof Printer Cover for HP Smart Tank All-in-One 750 / 790 (Black),SELLABLE,2,0,0,0,0,0,0,0,0,0,0,0,2,0,AMD2
07/25/2026,X001XAE9T7,B0CQC2FSMM,CRM-HP-750-Black,Crasome Dust & Water Proof Printer Cover for HP Smart Tank All-in-One 750 / 790 (Black),SELLABLE,1,0,0,0,0,0,0,0,0,0,0,0,1,0,PNQ3
07/25/2026,X001XAF347,B0CQCBB5LV,CRM-HP-750-Grey,Crasome Dust & Water Proof Printer Cover for HP Smart Tank All-in-One 750 / 790 (Grey),SELLABLE,1,0,0,0,0,0,0,0,0,0,0,0,1,0,AMD2
07/25/2026,X001XAF347,B0CQCBB5LV,CRM-HP-750-Grey,Crasome Dust & Water Proof Printer Cover for HP Smart Tank All-in-One 750 / 790 (Grey),SELLABLE,1,0,0,0,0,0,0,0,0,0,0,0,1,0,BLR7
07/25/2026,X001XAF347,B0CQCBB5LV,CRM-HP-750-Grey,Crasome Dust & Water Proof Printer Cover for HP Smart Tank All-in-One 750 / 790 (Grey),SELLABLE,7,0,0,0,0,0,0,0,0,0,0,0,7,0,BLR8
07/25/2026,X001XAF347,B0CQCBB5LV,CRM-HP-750-Grey,Crasome Dust & Water Proof Printer Cover for HP Smart Tank All-in-One 750 / 790 (Grey),SELLABLE,1,0,0,0,0,0,0,0,0,0,0,0,1,0,BOM5
07/25/2026,X001XAF347,B0CQCBB5LV,CRM-HP-750-Grey,Crasome Dust & Water Proof Printer Cover for HP Smart Tank All-in-One 750 / 790 (Grey),SELLABLE,2,0,0,0,0,0,0,0,0,0,0,0,2,0,BOM7
07/25/2026,X001XAF347,B0CQCBB5LV,CRM-HP-750-Grey,Crasome Dust & Water Proof Printer Cover for HP Smart Tank All-in-One 750 / 790 (Grey),SELLABLE,2,0,0,0,0,0,0,0,0,0,0,0,2,0,CJB1
07/25/2026,X001XAF347,B0CQCBB5LV,CRM-HP-750-Grey,Crasome Dust & Water Proof Printer Cover for HP Smart Tank All-in-One 750 / 790 (Grey),SELLABLE,1,0,0,0,0,0,0,0,0,0,0,0,1,0,DED4
07/25/2026,X001XAF347,B0CQCBB5LV,CRM-HP-750-Grey,Crasome Dust & Water Proof Printer Cover for HP Smart Tank All-in-One 750 / 790 (Grey),SELLABLE,3,0,0,0,0,0,0,0,0,0,0,0,3,0,DEL4
07/25/2026,X001XAF347,B0CQCBB5LV,CRM-HP-750-Grey,Crasome Dust & Water Proof Printer Cover for HP Smart Tank All-in-One 750 / 790 (Grey),SELLABLE,2,0,0,-1,0,0,0,0,0,0,0,0,1,0,DEL5
07/25/2026,X001XAF347,B0CQCBB5LV,CRM-HP-750-Grey,Crasome Dust & Water Proof Printer Cover for HP Smart Tank All-in-One 750 / 790 (Grey),SELLABLE,4,0,0,0,0,0,0,0,0,0,0,0,4,0,MAA4
07/25/2026,X001XAF347,B0CQCBB5LV,CRM-HP-750-Grey,Crasome Dust & Water Proof Printer Cover for HP Smart Tank All-in-One 750 / 790 (Grey),SELLABLE,5,0,0,0,0,0,0,0,0,0,0,0,5,0,PNQ3
07/25/2026,X001XAGTV3,B0CQC8G87Y,CRM-HP-529-Black,Crasome Dust & Water Proof Printer Cover for HP Smart Tank All-in-One 529 / 589 (Black),SELLABLE,1,0,0,0,0,0,0,0,0,0,0,0,1,0,AMD2
07/25/2026,X001XAGTV3,B0CQC8G87Y,CRM-HP-529-Black,Crasome Dust & Water Proof Printer Cover for HP Smart Tank All-in-One 529 / 589 (Black),SELLABLE,0,1,0,0,0,0,0,0,0,0,0,0,0,0,BLR4
07/25/2026,X001XAGTV3,B0CQC8G87Y,CRM-HP-529-Black,Crasome Dust & Water Proof Printer Cover for HP Smart Tank All-in-One 529 / 589 (Black),SELLABLE,2,0,0,0,0,0,0,0,0,0,0,0,2,0,BLR8
07/25/2026,X001XAGTV3,B0CQC8G87Y,CRM-HP-529-Black,Crasome Dust & Water Proof Printer Cover for HP Smart Tank All-in-One 529 / 589 (Black),SELLABLE,1,0,0,-1,0,0,0,0,0,0,0,0,0,0,BOM5
07/25/2026,X001XAGTV3,B0CQC8G87Y,CRM-HP-529-Black,Crasome Dust & Water Proof Printer Cover for HP Smart Tank All-in-One 529 / 589 (Black),SELLABLE,1,0,0,0,0,0,0,0,0,0,0,0,1,0,CJB1
07/25/2026,X001XAGTV3,B0CQC8G87Y,CRM-HP-529-Black,Crasome Dust & Water Proof Printer Cover for HP Smart Tank All-in-One 529 / 589 (Black),SELLABLE,1,0,0,0,0,0,0,0,0,0,0,0,1,0,DED4
07/25/2026,X001XAGTV3,B0CQC8G87Y,CRM-HP-529-Black,Crasome Dust & Water Proof Printer Cover for HP Smart Tank All-in-One 529 / 589 (Black),SELLABLE,1,0,0,0,0,0,0,0,0,0,0,0,1,0,DEL4
07/25/2026,X001XAGTV3,B0CQC8G87Y,CRM-HP-529-Black,Crasome Dust & Water Proof Printer Cover for HP Smart Tank All-in-One 529 / 589 (Black),SELLABLE,9,0,0,-1,0,0,0,0,0,0,0,0,8,0,DEL5
07/25/2026,X001XAGTV3,B0CQC8G87Y,CRM-HP-529-Black,Crasome Dust & Water Proof Printer Cover for HP Smart Tank All-in-One 529 / 589 (Black),SELLABLE,6,0,0,0,0,0,0,0,0,0,0,0,6,0,MAA4
07/25/2026,X001XAGTVN,B0CQC5GSY9,CRM-HP-529-Grey,CRASOME Non Woven Dust & Water Proof Printer Cover for HP Smart Tank All-in-One 529 / 589 (Grey),SELLABLE,1,0,0,-1,0,0,0,0,0,0,0,0,0,0,BLR7
07/25/2026,X001XAGTVN,B0CQC5GSY9,CRM-HP-529-Grey,CRASOME Non Woven Dust & Water Proof Printer Cover for HP Smart Tank All-in-One 529 / 589 (Grey),SELLABLE,2,0,0,0,0,0,0,0,0,0,0,0,2,0,BLR8
07/25/2026,X001XAGTVN,B0CQC5GSY9,CRM-HP-529-Grey,CRASOME Non Woven Dust & Water Proof Printer Cover for HP Smart Tank All-in-One 529 / 589 (Grey),SELLABLE,0,0,0,0,0,0,2,0,0,0,0,0,2,0,BOM5
07/25/2026,X001XAGTVN,B0CQC5GSY9,CRM-HP-529-Grey,CRASOME Non Woven Dust & Water Proof Printer Cover for HP Smart Tank All-in-One 529 / 589 (Grey),SELLABLE,1,0,0,0,0,0,0,0,0,0,0,0,1,0,BOM7
07/25/2026,X001XAGTVN,B0CQC5GSY9,CRM-HP-529-Grey,CRASOME Non Woven Dust & Water Proof Printer Cover for HP Smart Tank All-in-One 529 / 589 (Grey),SELLABLE,1,0,0,0,0,0,0,0,0,0,0,0,1,0,CJB1
07/25/2026,X001XAGTVN,B0CQC5GSY9,CRM-HP-529-Grey,CRASOME Non Woven Dust & Water Proof Printer Cover for HP Smart Tank All-in-One 529 / 589 (Grey),SELLABLE,1,0,0,0,0,0,0,0,0,0,0,0,1,0,DED4
07/25/2026,X001XAGTVN,B0CQC5GSY9,CRM-HP-529-Grey,CRASOME Non Woven Dust & Water Proof Printer Cover for HP Smart Tank All-in-One 529 / 589 (Grey),SELLABLE,5,0,0,0,0,0,0,0,0,0,0,0,5,0,DEL5
07/25/2026,X001XAGTVN,B0CQC5GSY9,CRM-HP-529-Grey,CRASOME Non Woven Dust & Water Proof Printer Cover for HP Smart Tank All-in-One 529 / 589 (Grey),SELLABLE,4,0,0,0,0,0,0,0,0,0,0,0,4,0,MAA4
07/25/2026,X001XAGTVN,B0CQC5GSY9,CRM-HP-529-Grey,CRASOME Non Woven Dust & Water Proof Printer Cover for HP Smart Tank All-in-One 529 / 589 (Grey),SELLABLE,2,0,0,0,0,0,0,0,0,0,0,0,2,0,PNQ3
07/25/2026,X001XAKEGT,B0CQC5BJQ2,CRM-HP-670-Grey,Crasome Dust & Water Proof Printer Cover for HP Smart Tank All-in-One 670 / 675 (Grey),SELLABLE,0,2,0,0,0,0,0,0,0,0,0,0,0,0,BLR4
07/25/2026,X001XAKEGT,B0CQC5BJQ2,CRM-HP-670-Grey,Crasome Dust & Water Proof Printer Cover for HP Smart Tank All-in-One 670 / 675 (Grey),SELLABLE,1,0,0,0,0,0,0,0,0,0,0,0,1,0,BOM5
07/25/2026,X001XAKEGT,B0CQC5BJQ2,CRM-HP-670-Grey,Crasome Dust & Water Proof Printer Cover for HP Smart Tank All-in-One 670 / 675 (Grey),SELLABLE,1,0,0,0,0,0,0,0,0,0,0,0,1,0,BOM7
07/25/2026,X001XAKEGT,B0CQC5BJQ2,CRM-HP-670-Grey,Crasome Dust & Water Proof Printer Cover for HP Smart Tank All-in-One 670 / 675 (Grey),SELLABLE,2,0,0,0,0,0,0,0,0,0,0,0,2,0,MAA4
07/25/2026,X001XAKEGT,B0CQC5BJQ2,CRM-HP-670-Grey,Crasome Dust & Water Proof Printer Cover for HP Smart Tank All-in-One 670 / 675 (Grey),SELLABLE,2,0,0,0,0,0,0,0,0,0,0,0,2,0,PNQ3
07/25/2026,X001XAMHWD,B0CQC8R7PD,CRM-HP-670-Black,Crasome Dust & Water Proof Printer Cover for HP Smart Tank All-in-One 670 / 675 (Black),SELLABLE,1,0,0,0,0,0,0,0,0,0,0,0,1,0,BLR7
07/25/2026,X001XAMHWD,B0CQC8R7PD,CRM-HP-670-Black,Crasome Dust & Water Proof Printer Cover for HP Smart Tank All-in-One 670 / 675 (Black),SELLABLE,1,0,0,0,0,0,0,0,0,0,0,0,1,0,BLR8
07/25/2026,X001XAMHWD,B0CQC8R7PD,CRM-HP-670-Black,Crasome Dust & Water Proof Printer Cover for HP Smart Tank All-in-One 670 / 675 (Black),SELLABLE,2,0,0,0,0,0,0,0,0,0,0,0,2,0,MAA4
07/25/2026,X001XAMHWD,B0CQC8R7PD,CRM-HP-670-Black,Crasome Dust & Water Proof Printer Cover for HP Smart Tank All-in-One 670 / 675 (Black),SELLABLE,1,0,0,0,0,0,0,0,0,0,0,0,1,0,PNQ3
07/25/2026,X001XAXI8P,B0CQCQJZH5,CRM-HP-M126-M136nw-Black,Crasome Dust & Water Proof Printer Cover for HP LaserJet Pro MFP M126nw (Black),SELLABLE,1,0,0,0,0,0,0,0,0,0,0,0,1,0,AMD2
07/25/2026,X001XAXI8P,B0CQCQJZH5,CRM-HP-M126-M136nw-Black,Crasome Dust & Water Proof Printer Cover for HP LaserJet Pro MFP M126nw (Black),SELLABLE,4,0,0,-1,0,0,0,0,0,0,0,0,3,0,BLR7
07/25/2026,X001XAXI8P,B0CQCQJZH5,CRM-HP-M126-M136nw-Black,Crasome Dust & Water Proof Printer Cover for HP LaserJet Pro MFP M126nw (Black),SELLABLE,2,0,0,0,0,0,0,0,0,0,0,0,2,0,BLR8
07/25/2026,X001XAXI8P,B0CQCQJZH5,CRM-HP-M126-M136nw-Black,Crasome Dust & Water Proof Printer Cover for HP LaserJet Pro MFP M126nw (Black),SELLABLE,2,0,0,0,0,0,0,0,0,0,0,0,2,0,BOM5
07/25/2026,X001XAXI8P,B0CQCQJZH5,CRM-HP-M126-M136nw-Black,Crasome Dust & Water Proof Printer Cover for HP LaserJet Pro MFP M126nw (Black),SELLABLE,3,0,0,0,0,0,0,0,0,0,0,0,3,0,BOM7
07/25/2026,X001XAXI8P,B0CQCQJZH5,CRM-HP-M126-M136nw-Black,Crasome Dust & Water Proof Printer Cover for HP LaserJet Pro MFP M126nw (Black),SELLABLE,5,0,0,0,0,0,0,0,0,0,0,0,5,0,CJB1
07/25/2026,X001XAXI8P,B0CQCQJZH5,CRM-HP-M126-M136nw-Black,Crasome Dust & Water Proof Printer Cover for HP LaserJet Pro MFP M126nw (Black),SELLABLE,2,0,0,0,0,0,0,0,0,0,0,0,2,0,DED4
07/25/2026,X001XAXI8P,B0CQCQJZH5,CRM-HP-M126-M136nw-Black,Crasome Dust & Water Proof Printer Cover for HP LaserJet Pro MFP M126nw (Black),SELLABLE,2,0,0,0,0,0,0,0,0,0,0,0,2,0,DEL4
07/25/2026,X001XAXI8P,B0CQCQJZH5,CRM-HP-M126-M136nw-Black,Crasome Dust & Water Proof Printer Cover for HP LaserJet Pro MFP M126nw (Black),SELLABLE,1,0,0,-1,0,0,0,0,0,0,0,0,0,0,DEL5
07/25/2026,X001XAXI8P,B0CQCQJZH5,CRM-HP-M126-M136nw-Black,Crasome Dust & Water Proof Printer Cover for HP LaserJet Pro MFP M126nw (Black),SELLABLE,3,0,0,0,0,0,0,0,0,0,0,0,3,0,MAA4
07/25/2026,X001XAXI8P,B0CQCQJZH5,CRM-HP-M126-M136nw-Black,Crasome Dust & Water Proof Printer Cover for HP LaserJet Pro MFP M126nw (Black),SELLABLE,3,0,0,0,0,0,0,0,0,0,0,0,3,0,PNQ3
07/25/2026,X001XAXIJ9,B0CQCP88HF,CRM-HP-M126-M136nw-Grey,Crasome Dust & Water Proof Printer Cover for HP LaserJet Pro MFP M126nw (Grey),SELLABLE,1,0,0,0,0,0,0,0,0,0,0,0,1,0,BLR7
07/25/2026,X001XAXIJ9,B0CQCP88HF,CRM-HP-M126-M136nw-Grey,Crasome Dust & Water Proof Printer Cover for HP LaserJet Pro MFP M126nw (Grey),SELLABLE,1,0,0,0,0,0,0,0,0,0,0,0,1,0,BLR8
07/25/2026,X001XAXIJ9,B0CQCP88HF,CRM-HP-M126-M136nw-Grey,Crasome Dust & Water Proof Printer Cover for HP LaserJet Pro MFP M126nw (Grey),SELLABLE,2,0,0,0,0,0,0,0,0,0,0,0,2,0,BOM5
07/25/2026,X001XAXIJ9,B0CQCP88HF,CRM-HP-M126-M136nw-Grey,Crasome Dust & Water Proof Printer Cover for HP LaserJet Pro MFP M126nw (Grey),SELLABLE,1,0,0,0,0,0,0,0,0,0,0,0,1,0,BOM7
07/25/2026,X001XAXIJ9,B0CQCP88HF,CRM-HP-M126-M136nw-Grey,Crasome Dust & Water Proof Printer Cover for HP LaserJet Pro MFP M126nw (Grey),SELLABLE,1,0,0,0,0,0,0,0,0,0,0,0,1,0,CJB1
07/25/2026,X001XAXIJ9,B0CQCP88HF,CRM-HP-M126-M136nw-Grey,Crasome Dust & Water Proof Printer Cover for HP LaserJet Pro MFP M126nw (Grey),SELLABLE,1,0,0,0,0,0,0,0,0,0,0,0,1,0,DEL4
07/25/2026,X001XAXIJ9,B0CQCP88HF,CRM-HP-M126-M136nw-Grey,Crasome Dust & Water Proof Printer Cover for HP LaserJet Pro MFP M126nw (Grey),SELLABLE,3,0,0,0,0,0,0,0,0,0,0,0,3,0,DEL5
07/25/2026,X001Y7LY5V,B0CTFBJR4V,CRM-EP-L3110-NW-GREY,CRASOME Dust & Water Proof Printer Cover for Epson EcoTank L3150 / L3110 (Grey),SELLABLE,22,0,0,0,0,0,0,0,0,0,0,0,22,0,BLR8
07/25/2026,X001Y7LY5V,B0CTFBJR4V,CRM-EP-L3110-NW-GREY,CRASOME Dust & Water Proof Printer Cover for Epson EcoTank L3150 / L3110 (Grey),SELLABLE,2,0,0,0,0,0,0,0,0,0,0,0,2,0,MAA4
07/25/2026,X001Y7OEXZ,B0CTFDQXD4,CRM-EP-L3210-NW-BLACK,Crasome Dust & Water Proof Printer Cover for Epson EcoTank L3252 / L3250 / L3211 / L3260 / L3210 (Black),CUSTOMER_DAMAGED,1,0,0,0,0,0,0,0,0,0,0,0,0,0,DEL4
07/25/2026,X001Y7OEXZ,B0CTFDQXD4,CRM-EP-L3210-NW-BLACK,Crasome Dust & Water Proof Printer Cover for Epson EcoTank L3252 / L3250 / L3211 / L3260 / L3210 (Black),SELLABLE,11,0,0,0,0,0,0,0,0,0,0,0,11,0,AMD2
07/25/2026,X001Y7OEXZ,B0CTFDQXD4,CRM-EP-L3210-NW-BLACK,Crasome Dust & Water Proof Printer Cover for Epson EcoTank L3252 / L3250 / L3211 / L3260 / L3210 (Black),SELLABLE,0,10,0,0,0,0,0,0,0,0,0,0,0,0,BLR4
07/25/2026,X001Y7OEXZ,B0CTFDQXD4,CRM-EP-L3210-NW-BLACK,Crasome Dust & Water Proof Printer Cover for Epson EcoTank L3252 / L3250 / L3211 / L3260 / L3210 (Black),SELLABLE,12,0,0,-1,0,0,0,0,0,0,0,0,11,0,BLR7
07/25/2026,X001Y7OEXZ,B0CTFDQXD4,CRM-EP-L3210-NW-BLACK,Crasome Dust & Water Proof Printer Cover for Epson EcoTank L3252 / L3250 / L3211 / L3260 / L3210 (Black),SELLABLE,33,0,0,0,0,0,0,0,0,0,0,0,33,0,BLR8
07/25/2026,X001Y7OEXZ,B0CTFDQXD4,CRM-EP-L3210-NW-BLACK,Crasome Dust & Water Proof Printer Cover for Epson EcoTank L3252 / L3250 / L3211 / L3260 / L3210 (Black),SELLABLE,5,0,0,0,0,0,0,0,0,0,0,0,5,0,BOM5
07/25/2026,X001Y7OEXZ,B0CTFDQXD4,CRM-EP-L3210-NW-BLACK,Crasome Dust & Water Proof Printer Cover for Epson EcoTank L3252 / L3250 / L3211 / L3260 / L3210 (Black),SELLABLE,5,0,0,0,0,0,0,0,0,0,0,0,5,0,BOM7
07/25/2026,X001Y7OEXZ,B0CTFDQXD4,CRM-EP-L3210-NW-BLACK,Crasome Dust & Water Proof Printer Cover for Epson EcoTank L3252 / L3250 / L3211 / L3260 / L3210 (Black),SELLABLE,10,0,0,-1,0,0,0,0,0,0,0,0,9,0,CJB1
07/25/2026,X001Y7OEXZ,B0CTFDQXD4,CRM-EP-L3210-NW-BLACK,Crasome Dust & Water Proof Printer Cover for Epson EcoTank L3252 / L3250 / L3211 / L3260 / L3210 (Black),SELLABLE,11,0,0,0,1,0,0,0,0,0,0,0,12,0,DED4
07/25/2026,X001Y7OEXZ,B0CTFDQXD4,CRM-EP-L3210-NW-BLACK,Crasome Dust & Water Proof Printer Cover for Epson EcoTank L3252 / L3250 / L3211 / L3260 / L3210 (Black),SELLABLE,8,0,0,0,0,0,0,0,0,0,0,0,8,0,DEL4
07/25/2026,X001Y7OEXZ,B0CTFDQXD4,CRM-EP-L3210-NW-BLACK,Crasome Dust & Water Proof Printer Cover for Epson EcoTank L3252 / L3250 / L3211 / L3260 / L3210 (Black),SELLABLE,10,0,0,0,0,0,0,0,0,0,0,0,10,0,DEL5
07/25/2026,X001Y7OEXZ,B0CTFDQXD4,CRM-EP-L3210-NW-BLACK,Crasome Dust & Water Proof Printer Cover for Epson EcoTank L3252 / L3250 / L3211 / L3260 / L3210 (Black),SELLABLE,11,0,0,0,0,0,0,0,0,0,0,0,11,0,MAA4
07/25/2026,X001Y7OEXZ,B0CTFDQXD4,CRM-EP-L3210-NW-BLACK,Crasome Dust & Water Proof Printer Cover for Epson EcoTank L3252 / L3250 / L3211 / L3260 / L3210 (Black),SELLABLE,8,0,0,0,0,0,0,0,0,0,0,0,8,0,PNQ3
07/25/2026,X001Y7OEXZ,B0CTFDQXD4,CRM-EP-L3210-NW-BLACK,Crasome Dust & Water Proof Printer Cover for Epson EcoTank L3252 / L3250 / L3211 / L3260 / L3210 (Black),WAREHOUSE_DAMAGED,1,0,0,0,0,0,0,0,0,0,0,0,0,0,BOM5
07/25/2026,X001Y7P60F,B0CTFB2GWV,CRM-EP-L3110-NW-BLACK,CRASOME Dust & Water Proof Printer Cover for Epson EcoTank L3150 / L3110 (Black),SELLABLE,1,0,0,0,0,0,0,0,0,0,0,0,1,0,AMD2
07/25/2026,X001Y7P60F,B0CTFB2GWV,CRM-EP-L3110-NW-BLACK,CRASOME Dust & Water Proof Printer Cover for Epson EcoTank L3150 / L3110 (Black),SELLABLE,1,0,0,0,0,0,0,0,0,0,0,0,1,0,BLR7
07/25/2026,X001Y7P60F,B0CTFB2GWV,CRM-EP-L3110-NW-BLACK,CRASOME Dust & Water Proof Printer Cover for Epson EcoTank L3150 / L3110 (Black),SELLABLE,3,0,0,0,0,0,0,0,0,0,0,0,3,0,BLR8
07/25/2026,X001Y7P60F,B0CTFB2GWV,CRM-EP-L3110-NW-BLACK,CRASOME Dust & Water Proof Printer Cover for Epson EcoTank L3150 / L3110 (Black),SELLABLE,2,0,0,0,0,0,0,0,0,0,0,0,2,0,BOM5
07/25/2026,X001Y7P60F,B0CTFB2GWV,CRM-EP-L3110-NW-BLACK,CRASOME Dust & Water Proof Printer Cover for Epson EcoTank L3150 / L3110 (Black),SELLABLE,2,0,0,0,0,0,0,0,0,0,0,0,2,0,BOM7
07/25/2026,X001Y7P60F,B0CTFB2GWV,CRM-EP-L3110-NW-BLACK,CRASOME Dust & Water Proof Printer Cover for Epson EcoTank L3150 / L3110 (Black),SELLABLE,1,0,0,0,0,0,0,0,0,0,0,0,1,0,DEL5
07/25/2026,X001Y7RPJP,B0CTFF6YKQ,CRM-EP-L3210-NW-GREY,Crasome Dust & Water Proof Printer Cover for Epson EcoTank L3252 / L3250 / L3211 / L3260 / L3210 (Grey),CUSTOMER_DAMAGED,1,0,0,0,0,0,0,0,0,0,0,0,0,0,BOM5
07/25/2026,X001Y7RPJP,B0CTFF6YKQ,CRM-EP-L3210-NW-GREY,Crasome Dust & Water Proof Printer Cover for Epson EcoTank L3252 / L3250 / L3211 / L3260 / L3210 (Grey),CUSTOMER_DAMAGED,1,0,0,0,0,0,0,0,0,0,0,0,0,0,MAA4
07/25/2026,X001Y7RPJP,B0CTFF6YKQ,CRM-EP-L3210-NW-GREY,Crasome Dust & Water Proof Printer Cover for Epson EcoTank L3252 / L3250 / L3211 / L3260 / L3210 (Grey),SELLABLE,17,0,0,0,0,0,0,0,0,0,0,0,17,0,AMD2
07/25/2026,X001Y7RPJP,B0CTFF6YKQ,CRM-EP-L3210-NW-GREY,Crasome Dust & Water Proof Printer Cover for Epson EcoTank L3252 / L3250 / L3211 / L3260 / L3210 (Grey),SELLABLE,0,3,0,0,0,0,0,0,0,0,0,0,0,0,BLR4
07/25/2026,X001Y7RPJP,B0CTFF6YKQ,CRM-EP-L3210-NW-GREY,Crasome Dust & Water Proof Printer Cover for Epson EcoTank L3252 / L3250 / L3211 / L3260 / L3210 (Grey),SELLABLE,0,1,0,0,0,0,0,0,0,0,0,0,0,0,BLR5
07/25/2026,X001Y7RPJP,B0CTFF6YKQ,CRM-EP-L3210-NW-GREY,Crasome Dust & Water Proof Printer Cover for Epson EcoTank L3252 / L3250 / L3211 / L3260 / L3210 (Grey),SELLABLE,17,0,0,0,0,0,0,0,0,0,0,0,17,0,BLR7
07/25/2026,X001Y7RPJP,B0CTFF6YKQ,CRM-EP-L3210-NW-GREY,Crasome Dust & Water Proof Printer Cover for Epson EcoTank L3252 / L3250 / L3211 / L3260 / L3210 (Grey),SELLABLE,35,0,0,0,0,0,0,0,0,0,0,0,35,0,BLR8
07/25/2026,X001Y7RPJP,B0CTFF6YKQ,CRM-EP-L3210-NW-GREY,Crasome Dust & Water Proof Printer Cover for Epson EcoTank L3252 / L3250 / L3211 / L3260 / L3210 (Grey),SELLABLE,14,0,0,0,0,0,1,0,0,0,0,0,15,0,BOM5
07/25/2026,X001Y7RPJP,B0CTFF6YKQ,CRM-EP-L3210-NW-GREY,Crasome Dust & Water Proof Printer Cover for Epson EcoTank L3252 / L3250 / L3211 / L3260 / L3210 (Grey),SELLABLE,15,0,0,0,0,0,0,0,0,0,0,0,15,0,BOM7
07/25/2026,X001Y7RPJP,B0CTFF6YKQ,CRM-EP-L3210-NW-GREY,Crasome Dust & Water Proof Printer Cover for Epson EcoTank L3252 / L3250 / L3211 / L3260 / L3210 (Grey),SELLABLE,9,0,0,0,0,0,0,0,0,0,0,0,9,0,CJB1
07/25/2026,X001Y7RPJP,B0CTFF6YKQ,CRM-EP-L3210-NW-GREY,Crasome Dust & Water Proof Printer Cover for Epson EcoTank L3252 / L3250 / L3211 / L3260 / L3210 (Grey),SELLABLE,23,0,0,0,0,0,0,0,0,0,0,0,23,0,DED4
07/25/2026,X001Y7RPJP,B0CTFF6YKQ,CRM-EP-L3210-NW-GREY,Crasome Dust & Water Proof Printer Cover for Epson EcoTank L3252 / L3250 / L3211 / L3260 / L3210 (Grey),SELLABLE,17,0,0,0,0,0,0,0,0,0,0,0,17,0,DEL4
07/25/2026,X001Y7RPJP,B0CTFF6YKQ,CRM-EP-L3210-NW-GREY,Crasome Dust & Water Proof Printer Cover for Epson EcoTank L3252 / L3250 / L3211 / L3260 / L3210 (Grey),SELLABLE,17,0,0,0,0,0,0,0,0,0,0,0,17,0,DEL5
07/25/2026,X001Y7RPJP,B0CTFF6YKQ,CRM-EP-L3210-NW-GREY,Crasome Dust & Water Proof Printer Cover for Epson EcoTank L3252 / L3250 / L3211 / L3260 / L3210 (Grey),SELLABLE,20,0,0,-2,0,0,0,0,0,0,0,0,18,0,MAA4
07/25/2026,X001Y7RPJP,B0CTFF6YKQ,CRM-EP-L3210-NW-GREY,Crasome Dust & Water Proof Printer Cover for Epson EcoTank L3252 / L3250 / L3211 / L3260 / L3210 (Grey),SELLABLE,11,0,0,-1,0,0,0,0,0,0,0,0,10,0,PNQ3
07/25/2026,X001Y8CQT3,B0CTH4N526,CRM-Canon-G3012-NW-Grey,CRASOME Non-Woven Dust & Water Proof Printer Cover for Canon Pixma G3000 / G3012 / G3010 / G2012 (Grey),SELLABLE,1,0,0,0,0,0,0,0,0,0,0,0,1,0,AMD2
07/25/2026,X001Y8CQT3,B0CTH4N526,CRM-Canon-G3012-NW-Grey,CRASOME Non-Woven Dust & Water Proof Printer Cover for Canon Pixma G3000 / G3012 / G3010 / G2012 (Grey),SELLABLE,0,8,0,0,0,0,0,0,0,0,0,0,0,0,BLR4
07/25/2026,X001Y8CQT3,B0CTH4N526,CRM-Canon-G3012-NW-Grey,CRASOME Non-Woven Dust & Water Proof Printer Cover for Canon Pixma G3000 / G3012 / G3010 / G2012 (Grey),SELLABLE,4,0,0,0,0,0,0,0,0,0,0,0,4,0,BLR7
07/25/2026,X001Y8CQT3,B0CTH4N526,CRM-Canon-G3012-NW-Grey,CRASOME Non-Woven Dust & Water Proof Printer Cover for Canon Pixma G3000 / G3012 / G3010 / G2012 (Grey),SELLABLE,6,0,0,-1,0,0,0,0,0,0,0,0,5,0,BLR8
07/25/2026,X001Y8CQT3,B0CTH4N526,CRM-Canon-G3012-NW-Grey,CRASOME Non-Woven Dust & Water Proof Printer Cover for Canon Pixma G3000 / G3012 / G3010 / G2012 (Grey),SELLABLE,3,0,0,0,0,0,6,0,0,0,0,0,9,0,BOM5
07/25/2026,X001Y8CQT3,B0CTH4N526,CRM-Canon-G3012-NW-Grey,CRASOME Non-Woven Dust & Water Proof Printer Cover for Canon Pixma G3000 / G3012 / G3010 / G2012 (Grey),SELLABLE,5,0,0,0,0,0,0,0,0,0,0,0,5,0,BOM7
07/25/2026,X001Y8CQT3,B0CTH4N526,CRM-Canon-G3012-NW-Grey,CRASOME Non-Woven Dust & Water Proof Printer Cover for Canon Pixma G3000 / G3012 / G3010 / G2012 (Grey),SELLABLE,2,0,0,0,0,0,0,0,0,0,0,0,2,0,CJB1
07/25/2026,X001Y8CQT3,B0CTH4N526,CRM-Canon-G3012-NW-Grey,CRASOME Non-Woven Dust & Water Proof Printer Cover for Canon Pixma G3000 / G3012 / G3010 / G2012 (Grey),SELLABLE,8,0,0,0,0,0,0,0,0,0,0,0,8,0,DED4
07/25/2026,X001Y8CQT3,B0CTH4N526,CRM-Canon-G3012-NW-Grey,CRASOME Non-Woven Dust & Water Proof Printer Cover for Canon Pixma G3000 / G3012 / G3010 / G2012 (Grey),SELLABLE,5,0,0,-2,0,0,0,0,0,0,0,0,3,0,DEL4
07/25/2026,X001Y8CQT3,B0CTH4N526,CRM-Canon-G3012-NW-Grey,CRASOME Non-Woven Dust & Water Proof Printer Cover for Canon Pixma G3000 / G3012 / G3010 / G2012 (Grey),SELLABLE,8,0,0,0,0,0,0,0,0,0,0,0,8,0,DEL5
07/25/2026,X001Y8CQT3,B0CTH4N526,CRM-Canon-G3012-NW-Grey,CRASOME Non-Woven Dust & Water Proof Printer Cover for Canon Pixma G3000 / G3012 / G3010 / G2012 (Grey),SELLABLE,19,0,0,0,0,0,0,0,0,0,0,0,19,0,MAA4
07/25/2026,X001Y8CQT3,B0CTH4N526,CRM-Canon-G3012-NW-Grey,CRASOME Non-Woven Dust & Water Proof Printer Cover for Canon Pixma G3000 / G3012 / G3010 / G2012 (Grey),SELLABLE,16,0,0,-1,0,0,0,0,0,0,0,0,15,0,PNQ3
07/25/2026,X001Y8E2H7,B0CTH4V3PZ,CRM-Canon-G3012-NW-Black,Crasome Dust & Water Proof Printer Cover for Canon Pixma G3000 / G3012 / G3010 / G2012 (Black),SELLABLE,0,14,0,0,0,0,0,0,0,0,0,0,0,0,BLR4
07/25/2026,X001Y8E2H7,B0CTH4V3PZ,CRM-Canon-G3012-NW-Black,Crasome Dust & Water Proof Printer Cover for Canon Pixma G3000 / G3012 / G3010 / G2012 (Black),SELLABLE,7,0,0,-1,0,0,0,0,0,0,0,0,6,0,BLR7
07/25/2026,X001Y8E2H7,B0CTH4V3PZ,CRM-Canon-G3012-NW-Black,Crasome Dust & Water Proof Printer Cover for Canon Pixma G3000 / G3012 / G3010 / G2012 (Black),SELLABLE,7,0,0,-1,0,0,0,0,0,0,0,0,6,0,BLR8
07/25/2026,X001Y8E2H7,B0CTH4V3PZ,CRM-Canon-G3012-NW-Black,Crasome Dust & Water Proof Printer Cover for Canon Pixma G3000 / G3012 / G3010 / G2012 (Black),SELLABLE,5,0,0,-1,0,0,0,0,0,0,0,0,4,0,BOM5
07/25/2026,X001Y8E2H7,B0CTH4V3PZ,CRM-Canon-G3012-NW-Black,Crasome Dust & Water Proof Printer Cover for Canon Pixma G3000 / G3012 / G3010 / G2012 (Black),SELLABLE,4,0,0,0,0,0,0,0,0,0,0,0,4,0,BOM7
07/25/2026,X001Y8E2H7,B0CTH4V3PZ,CRM-Canon-G3012-NW-Black,Crasome Dust & Water Proof Printer Cover for Canon Pixma G3000 / G3012 / G3010 / G2012 (Black),SELLABLE,3,0,0,-1,0,0,0,0,0,0,0,0,2,0,CJB1
07/25/2026,X001Y8E2H7,B0CTH4V3PZ,CRM-Canon-G3012-NW-Black,Crasome Dust & Water Proof Printer Cover for Canon Pixma G3000 / G3012 / G3010 / G2012 (Black),SELLABLE,12,0,0,-1,0,0,0,0,0,0,0,0,11,0,DED4
07/25/2026,X001Y8E2H7,B0CTH4V3PZ,CRM-Canon-G3012-NW-Black,Crasome Dust & Water Proof Printer Cover for Canon Pixma G3000 / G3012 / G3010 / G2012 (Black),SELLABLE,12,0,0,-1,0,0,0,0,0,0,0,0,11,0,DEL5
07/25/2026,X001Y8E2H7,B0CTH4V3PZ,CRM-Canon-G3012-NW-Black,Crasome Dust & Water Proof Printer Cover for Canon Pixma G3000 / G3012 / G3010 / G2012 (Black),SELLABLE,4,0,0,0,0,0,0,0,0,0,0,0,4,0,MAA4
07/25/2026,X001Y8E2H7,B0CTH4V3PZ,CRM-Canon-G3012-NW-Black,Crasome Dust & Water Proof Printer Cover for Canon Pixma G3000 / G3012 / G3010 / G2012 (Black),SELLABLE,7,0,0,0,0,0,0,0,0,0,0,0,7,0,PNQ3
07/25/2026,X001YAB1QP,B0CTMPGXXG,CRM-DC-TS-NW-GREY,Crasome Water Dispenser for 20 ltr / Litre Bottle Jar Cover with Transparent Strap - Grey (DC-TS-Grey),SELLABLE,6,0,0,0,0,0,0,0,0,0,0,0,6,0,AMD2
07/25/2026,X001YAB1QP,B0CTMPGXXG,CRM-DC-TS-NW-GREY,Crasome Water Dispenser for 20 ltr / Litre Bottle Jar Cover with Transparent Strap - Grey (DC-TS-Grey),SELLABLE,0,8,0,0,0,0,0,0,0,0,0,0,0,0,BLR4
07/25/2026,X001YAB1QP,B0CTMPGXXG,CRM-DC-TS-NW-GREY,Crasome Water Dispenser for 20 ltr / Litre Bottle Jar Cover with Transparent Strap - Grey (DC-TS-Grey),SELLABLE,10,0,0,0,0,0,0,0,0,0,0,0,10,0,BLR7
07/25/2026,X001YAB1QP,B0CTMPGXXG,CRM-DC-TS-NW-GREY,Crasome Water Dispenser for 20 ltr / Litre Bottle Jar Cover with Transparent Strap - Grey (DC-TS-Grey),SELLABLE,21,0,0,0,0,0,0,0,0,0,0,0,21,0,BLR8
07/25/2026,X001YAB1QP,B0CTMPGXXG,CRM-DC-TS-NW-GREY,Crasome Water Dispenser for 20 ltr / Litre Bottle Jar Cover with Transparent Strap - Grey (DC-TS-Grey),SELLABLE,13,0,0,-1,0,0,2,0,0,0,0,0,14,0,BOM5
07/25/2026,X001YAB1QP,B0CTMPGXXG,CRM-DC-TS-NW-GREY,Crasome Water Dispenser for 20 ltr / Litre Bottle Jar Cover with Transparent Strap - Grey (DC-TS-Grey),SELLABLE,9,0,0,0,0,0,0,0,0,0,0,0,9,0,BOM7
07/25/2026,X001YAB1QP,B0CTMPGXXG,CRM-DC-TS-NW-GREY,Crasome Water Dispenser for 20 ltr / Litre Bottle Jar Cover with Transparent Strap - Grey (DC-TS-Grey),SELLABLE,24,0,0,-1,0,0,0,0,0,0,0,0,23,0,CJB1
07/25/2026,X001YAB1QP,B0CTMPGXXG,CRM-DC-TS-NW-GREY,Crasome Water Dispenser for 20 ltr / Litre Bottle Jar Cover with Transparent Strap - Grey (DC-TS-Grey),SELLABLE,20,0,0,0,0,0,0,0,0,0,0,0,20,0,DED4
07/25/2026,X001YAB1QP,B0CTMPGXXG,CRM-DC-TS-NW-GREY,Crasome Water Dispenser for 20 ltr / Litre Bottle Jar Cover with Transparent Strap - Grey (DC-TS-Grey),SELLABLE,15,0,0,-2,0,0,0,0,0,0,0,0,13,0,DEL4
07/25/2026,X001YAB1QP,B0CTMPGXXG,CRM-DC-TS-NW-GREY,Crasome Water Dispenser for 20 ltr / Litre Bottle Jar Cover with Transparent Strap - Grey (DC-TS-Grey),SELLABLE,15,0,0,0,0,0,0,0,0,0,0,0,15,0,DEL5
07/25/2026,X001YAB1QP,B0CTMPGXXG,CRM-DC-TS-NW-GREY,Crasome Water Dispenser for 20 ltr / Litre Bottle Jar Cover with Transparent Strap - Grey (DC-TS-Grey),SELLABLE,25,0,0,-3,0,0,0,0,0,0,0,0,22,0,MAA4
07/25/2026,X001YAB1QP,B0CTMPGXXG,CRM-DC-TS-NW-GREY,Crasome Water Dispenser for 20 ltr / Litre Bottle Jar Cover with Transparent Strap - Grey (DC-TS-Grey),SELLABLE,7,0,0,0,0,0,0,0,0,0,0,0,7,0,PNQ3
07/25/2026,X001YAEPS1,B0CTMJ1GV9,CRM-DC-TS-NW-GREY-2Q,Crasome Water Dispenser for 20 ltr / Litre Bottle Jar Cover with Transparent Strap - Grey Pack of 2 (DC-TS-G-2Q),SELLABLE,1,0,0,0,0,0,0,0,0,0,0,0,1,0,AMD2
07/25/2026,X001YAEPS1,B0CTMJ1GV9,CRM-DC-TS-NW-GREY-2Q,Crasome Water Dispenser for 20 ltr / Litre Bottle Jar Cover with Transparent Strap - Grey Pack of 2 (DC-TS-G-2Q),SELLABLE,2,0,0,0,0,0,0,0,0,0,0,0,2,0,BLR4
07/25/2026,X001YAEPS1,B0CTMJ1GV9,CRM-DC-TS-NW-GREY-2Q,Crasome Water Dispenser for 20 ltr / Litre Bottle Jar Cover with Transparent Strap - Grey Pack of 2 (DC-TS-G-2Q),SELLABLE,1,0,0,-1,0,0,0,0,0,0,0,0,0,0,BLR7
07/25/2026,X001YAEPS1,B0CTMJ1GV9,CRM-DC-TS-NW-GREY-2Q,Crasome Water Dispenser for 20 ltr / Litre Bottle Jar Cover with Transparent Strap - Grey Pack of 2 (DC-TS-G-2Q),SELLABLE,8,0,0,0,0,0,0,0,0,0,0,0,8,0,BLR8
07/25/2026,X001YAEPS1,B0CTMJ1GV9,CRM-DC-TS-NW-GREY-2Q,Crasome Water Dispenser for 20 ltr / Litre Bottle Jar Cover with Transparent Strap - Grey Pack of 2 (DC-TS-G-2Q),SELLABLE,4,0,0,0,0,0,1,0,0,0,0,0,5,0,BOM5
07/25/2026,X001YAEPS1,B0CTMJ1GV9,CRM-DC-TS-NW-GREY-2Q,Crasome Water Dispenser for 20 ltr / Litre Bottle Jar Cover with Transparent Strap - Grey Pack of 2 (DC-TS-G-2Q),SELLABLE,2,0,0,0,0,0,0,0,0,0,0,0,2,0,BOM7
07/25/2026,X001YAEPS1,B0CTMJ1GV9,CRM-DC-TS-NW-GREY-2Q,Crasome Water Dispenser for 20 ltr / Litre Bottle Jar Cover with Transparent Strap - Grey Pack of 2 (DC-TS-G-2Q),SELLABLE,1,0,0,0,0,0,0,0,0,0,0,0,1,0,CJB1
07/25/2026,X001YAEPS1,B0CTMJ1GV9,CRM-DC-TS-NW-GREY-2Q,Crasome Water Dispenser for 20 ltr / Litre Bottle Jar Cover with Transparent Strap - Grey Pack of 2 (DC-TS-G-2Q),SELLABLE,5,0,0,0,0,0,0,0,0,0,0,0,5,0,DED4
07/25/2026,X001YAEPS1,B0CTMJ1GV9,CRM-DC-TS-NW-GREY-2Q,Crasome Water Dispenser for 20 ltr / Litre Bottle Jar Cover with Transparent Strap - Grey Pack of 2 (DC-TS-G-2Q),SELLABLE,1,0,0,-1,0,0,0,0,0,0,0,0,0,0,DEL4
07/25/2026,X001YAEPS1,B0CTMJ1GV9,CRM-DC-TS-NW-GREY-2Q,Crasome Water Dispenser for 20 ltr / Litre Bottle Jar Cover with Transparent Strap - Grey Pack of 2 (DC-TS-G-2Q),SELLABLE,9,0,0,0,0,0,0,0,0,0,0,0,9,0,DEL5
07/25/2026,X001YAEPS1,B0CTMJ1GV9,CRM-DC-TS-NW-GREY-2Q,Crasome Water Dispenser for 20 ltr / Litre Bottle Jar Cover with Transparent Strap - Grey Pack of 2 (DC-TS-G-2Q),SELLABLE,5,0,0,0,0,0,0,0,0,0,0,0,5,0,MAA4
07/25/2026,X001YAEPS1,B0CTMJ1GV9,CRM-DC-TS-NW-GREY-2Q,Crasome Water Dispenser for 20 ltr / Litre Bottle Jar Cover with Transparent Strap - Grey Pack of 2 (DC-TS-G-2Q),SELLABLE,3,0,0,0,0,0,0,0,0,0,0,0,3,0,PNQ3
07/25/2026,X001YAFHAV,B0CTMTGSL9,CRM-DC-TS-NW-BLACK,CRASOME Non-Woven Water Dispenser For 20 Ltr / Litre Bottle Jar Cover With Transparent Strap - Black (DC-TS-BLK),SELLABLE,5,0,0,0,0,0,0,0,0,0,0,0,5,0,AMD2
07/25/2026,X001YAFHAV,B0CTMTGSL9,CRM-DC-TS-NW-BLACK,CRASOME Non-Woven Water Dispenser For 20 Ltr / Litre Bottle Jar Cover With Transparent Strap - Black (DC-TS-BLK),SELLABLE,0,1,0,0,0,0,0,0,0,0,0,0,0,0,BLR4
07/25/2026,X001YAFHAV,B0CTMTGSL9,CRM-DC-TS-NW-BLACK,CRASOME Non-Woven Water Dispenser For 20 Ltr / Litre Bottle Jar Cover With Transparent Strap - Black (DC-TS-BLK),SELLABLE,20,0,0,0,0,0,0,0,0,0,0,0,20,0,BLR7
07/25/2026,X001YAFHAV,B0CTMTGSL9,CRM-DC-TS-NW-BLACK,CRASOME Non-Woven Water Dispenser For 20 Ltr / Litre Bottle Jar Cover With Transparent Strap - Black (DC-TS-BLK),SELLABLE,36,0,0,-1,0,0,0,0,0,0,0,0,35,0,BLR8
07/25/2026,X001YAFHAV,B0CTMTGSL9,CRM-DC-TS-NW-BLACK,CRASOME Non-Woven Water Dispenser For 20 Ltr / Litre Bottle Jar Cover With Transparent Strap - Black (DC-TS-BLK),SELLABLE,34,0,0,-1,0,0,2,0,0,0,0,0,35,0,BOM5
07/25/2026,X001YAFHAV,B0CTMTGSL9,CRM-DC-TS-NW-BLACK,CRASOME Non-Woven Water Dispenser For 20 Ltr / Litre Bottle Jar Cover With Transparent Strap - Black (DC-TS-BLK),SELLABLE,11,0,0,0,0,0,0,0,0,0,0,0,11,0,BOM7
07/25/2026,X001YAFHAV,B0CTMTGSL9,CRM-DC-TS-NW-BLACK,CRASOME Non-Woven Water Dispenser For 20 Ltr / Litre Bottle Jar Cover With Transparent Strap - Black (DC-TS-BLK),SELLABLE,23,0,0,0,0,0,0,0,0,0,0,0,23,0,CJB1
07/25/2026,X001YAFHAV,B0CTMTGSL9,CRM-DC-TS-NW-BLACK,CRASOME Non-Woven Water Dispenser For 20 Ltr / Litre Bottle Jar Cover With Transparent Strap - Black (DC-TS-BLK),SELLABLE,17,0,0,0,0,0,0,0,0,0,0,0,17,0,DED4
07/25/2026,X001YAFHAV,B0CTMTGSL9,CRM-DC-TS-NW-BLACK,CRASOME Non-Woven Water Dispenser For 20 Ltr / Litre Bottle Jar Cover With Transparent Strap - Black (DC-TS-BLK),SELLABLE,16,0,0,-1,0,0,0,0,0,0,0,0,15,0,DEL4
07/25/2026,X001YAFHAV,B0CTMTGSL9,CRM-DC-TS-NW-BLACK,CRASOME Non-Woven Water Dispenser For 20 Ltr / Litre Bottle Jar Cover With Transparent Strap - Black (DC-TS-BLK),SELLABLE,17,0,0,0,0,0,0,0,0,0,0,0,17,0,DEL5
07/25/2026,X001YAFHAV,B0CTMTGSL9,CRM-DC-TS-NW-BLACK,CRASOME Non-Woven Water Dispenser For 20 Ltr / Litre Bottle Jar Cover With Transparent Strap - Black (DC-TS-BLK),SELLABLE,26,0,0,0,0,0,0,0,0,0,0,0,26,0,MAA4
07/25/2026,X001YAFHAV,B0CTMTGSL9,CRM-DC-TS-NW-BLACK,CRASOME Non-Woven Water Dispenser For 20 Ltr / Litre Bottle Jar Cover With Transparent Strap - Black (DC-TS-BLK),SELLABLE,10,0,0,0,0,0,0,0,0,0,0,0,10,0,PNQ3
07/25/2026,X001YAGR6J,B0CTMJD3KP,CRM-DC-TS-NW-BLACK-2Q,Crasome Water Dispenser for 20 ltr / Litre Bottle Jar Cover with Transparent Strap - Black Pack of 2 (DC-TS-B-2Q),SELLABLE,3,0,0,0,0,0,0,0,0,0,0,0,3,0,AMD2
07/25/2026,X001YAGR6J,B0CTMJD3KP,CRM-DC-TS-NW-BLACK-2Q,Crasome Water Dispenser for 20 ltr / Litre Bottle Jar Cover with Transparent Strap - Black Pack of 2 (DC-TS-B-2Q),SELLABLE,8,0,0,0,0,0,0,0,0,0,0,0,8,0,BLR7
07/25/2026,X001YAGR6J,B0CTMJD3KP,CRM-DC-TS-NW-BLACK-2Q,Crasome Water Dispenser for 20 ltr / Litre Bottle Jar Cover with Transparent Strap - Black Pack of 2 (DC-TS-B-2Q),SELLABLE,8,0,0,0,0,0,0,0,0,0,0,0,8,0,BLR8
07/25/2026,X001YAGR6J,B0CTMJD3KP,CRM-DC-TS-NW-BLACK-2Q,Crasome Water Dispenser for 20 ltr / Litre Bottle Jar Cover with Transparent Strap - Black Pack of 2 (DC-TS-B-2Q),SELLABLE,3,0,0,0,0,0,0,0,0,0,0,0,3,0,BOM5
07/25/2026,X001YAGR6J,B0CTMJD3KP,CRM-DC-TS-NW-BLACK-2Q,Crasome Water Dispenser for 20 ltr / Litre Bottle Jar Cover with Transparent Strap - Black Pack of 2 (DC-TS-B-2Q),SELLABLE,3,0,0,0,0,0,0,0,0,0,0,0,3,0,BOM7
07/25/2026,X001YAGR6J,B0CTMJD3KP,CRM-DC-TS-NW-BLACK-2Q,Crasome Water Dispenser for 20 ltr / Litre Bottle Jar Cover with Transparent Strap - Black Pack of 2 (DC-TS-B-2Q),SELLABLE,2,0,0,0,0,0,0,0,0,0,0,0,2,0,CJB1
07/25/2026,X001YAGR6J,B0CTMJD3KP,CRM-DC-TS-NW-BLACK-2Q,Crasome Water Dispenser for 20 ltr / Litre Bottle Jar Cover with Transparent Strap - Black Pack of 2 (DC-TS-B-2Q),SELLABLE,12,0,0,0,0,0,0,0,0,0,0,0,12,0,DED4
07/25/2026,X001YAGR6J,B0CTMJD3KP,CRM-DC-TS-NW-BLACK-2Q,Crasome Water Dispenser for 20 ltr / Litre Bottle Jar Cover with Transparent Strap - Black Pack of 2 (DC-TS-B-2Q),SELLABLE,2,0,0,0,0,0,0,0,0,0,0,0,2,0,DEL4
07/25/2026,X001YAGR6J,B0CTMJD3KP,CRM-DC-TS-NW-BLACK-2Q,Crasome Water Dispenser for 20 ltr / Litre Bottle Jar Cover with Transparent Strap - Black Pack of 2 (DC-TS-B-2Q),SELLABLE,7,0,0,0,0,0,0,0,0,0,0,0,7,0,DEL5
07/25/2026,X001YAGR6J,B0CTMJD3KP,CRM-DC-TS-NW-BLACK-2Q,Crasome Water Dispenser for 20 ltr / Litre Bottle Jar Cover with Transparent Strap - Black Pack of 2 (DC-TS-B-2Q),SELLABLE,7,0,0,0,0,0,0,0,0,0,0,0,7,0,MAA4
07/25/2026,X001YAGR6J,B0CTMJD3KP,CRM-DC-TS-NW-BLACK-2Q,Crasome Water Dispenser for 20 ltr / Litre Bottle Jar Cover with Transparent Strap - Black Pack of 2 (DC-TS-B-2Q),SELLABLE,4,0,0,0,0,0,0,0,0,0,0,0,4,0,PNQ3
07/25/2026,X001YE13FZ,B0CTTK9CDY,CRM-HP-525-Grey,CRASOME Dust & Water Proof Printer Cover for HP Smart Tank All-in-One 520 / 525 (Grey),CUSTOMER_DAMAGED,1,0,0,0,0,0,0,0,0,0,0,0,0,0,DED4
07/25/2026,X001YE13FZ,B0CTTK9CDY,CRM-HP-525-Grey,CRASOME Dust & Water Proof Printer Cover for HP Smart Tank All-in-One 520 / 525 (Grey),SELLABLE,2,0,0,0,0,0,0,0,0,0,0,0,2,0,AMD2
07/25/2026,X001YE13FZ,B0CTTK9CDY,CRM-HP-525-Grey,CRASOME Dust & Water Proof Printer Cover for HP Smart Tank All-in-One 520 / 525 (Grey),SELLABLE,2,0,0,0,0,0,0,0,0,0,0,0,2,0,BLR7
07/25/2026,X001YE13FZ,B0CTTK9CDY,CRM-HP-525-Grey,CRASOME Dust & Water Proof Printer Cover for HP Smart Tank All-in-One 520 / 525 (Grey),SELLABLE,3,0,0,0,0,0,0,0,0,0,0,0,3,0,BLR8
07/25/2026,X001YE13FZ,B0CTTK9CDY,CRM-HP-525-Grey,CRASOME Dust & Water Proof Printer Cover for HP Smart Tank All-in-One 520 / 525 (Grey),SELLABLE,1,0,0,0,0,0,0,0,0,0,0,0,1,0,BOM7
07/25/2026,X001YE13FZ,B0CTTK9CDY,CRM-HP-525-Grey,CRASOME Dust & Water Proof Printer Cover for HP Smart Tank All-in-One 520 / 525 (Grey),SELLABLE,3,0,0,0,0,0,0,0,0,0,0,0,3,0,MAA4
07/25/2026,X001YE13FZ,B0CTTK9CDY,CRM-HP-525-Grey,CRASOME Dust & Water Proof Printer Cover for HP Smart Tank All-in-One 520 / 525 (Grey),SELLABLE,1,0,0,0,0,0,0,0,0,0,0,0,1,0,PNQ3
07/25/2026,X001YG6DXP,B0CV14R7LM,CRM-WG-NW-Butterfly-Grey,CRASOME Non-Woven Dust Proof Water Resistant Kitchen Wet Grinder Cover for 2 Litre Table Top Butterfly Smart | Butterfly Rhino | Butterfly Hippo - Grey,SELLABLE,1,0,0,0,0,0,0,0,0,0,0,0,1,0,AMD2
07/25/2026,X001YG6DXP,B0CV14R7LM,CRM-WG-NW-Butterfly-Grey,CRASOME Non-Woven Dust Proof Water Resistant Kitchen Wet Grinder Cover for 2 Litre Table Top Butterfly Smart | Butterfly Rhino | Butterfly Hippo - Grey,SELLABLE,14,0,0,-1,0,0,0,0,0,0,0,0,13,0,BLR7
07/25/2026,X001YG6DXP,B0CV14R7LM,CRM-WG-NW-Butterfly-Grey,CRASOME Non-Woven Dust Proof Water Resistant Kitchen Wet Grinder Cover for 2 Litre Table Top Butterfly Smart | Butterfly Rhino | Butterfly Hippo - Grey,SELLABLE,6,0,0,0,0,0,0,0,0,0,0,0,6,0,BLR8
07/25/2026,X001YG6DXP,B0CV14R7LM,CRM-WG-NW-Butterfly-Grey,CRASOME Non-Woven Dust Proof Water Resistant Kitchen Wet Grinder Cover for 2 Litre Table Top Butterfly Smart | Butterfly Rhino | Butterfly Hippo - Grey,SELLABLE,0,0,0,0,0,0,4,0,0,0,0,0,4,0,BOM5
07/25/2026,X001YG6DXP,B0CV14R7LM,CRM-WG-NW-Butterfly-Grey,CRASOME Non-Woven Dust Proof Water Resistant Kitchen Wet Grinder Cover for 2 Litre Table Top Butterfly Smart | Butterfly Rhino | Butterfly Hippo - Grey,SELLABLE,4,0,0,0,0,0,0,0,0,0,0,0,4,0,BOM7
07/25/2026,X001YG6DXP,B0CV14R7LM,CRM-WG-NW-Butterfly-Grey,CRASOME Non-Woven Dust Proof Water Resistant Kitchen Wet Grinder Cover for 2 Litre Table Top Butterfly Smart | Butterfly Rhino | Butterfly Hippo - Grey,SELLABLE,5,0,0,0,0,0,0,0,0,0,0,0,5,0,DED4
07/25/2026,X001YG6DXP,B0CV14R7LM,CRM-WG-NW-Butterfly-Grey,CRASOME Non-Woven Dust Proof Water Resistant Kitchen Wet Grinder Cover for 2 Litre Table Top Butterfly Smart | Butterfly Rhino | Butterfly Hippo - Grey,SELLABLE,36,0,0,0,0,0,0,0,0,0,0,0,36,0,DEL4
07/25/2026,X001YG6DXP,B0CV14R7LM,CRM-WG-NW-Butterfly-Grey,CRASOME Non-Woven Dust Proof Water Resistant Kitchen Wet Grinder Cover for 2 Litre Table Top Butterfly Smart | Butterfly Rhino | Butterfly Hippo - Grey,SELLABLE,16,0,0,0,0,0,0,0,0,0,0,0,16,0,DEL5
07/25/2026,X001YG6DXP,B0CV14R7LM,CRM-WG-NW-Butterfly-Grey,CRASOME Non-Woven Dust Proof Water Resistant Kitchen Wet Grinder Cover for 2 Litre Table Top Butterfly Smart | Butterfly Rhino | Butterfly Hippo - Grey,SELLABLE,31,0,0,-2,0,0,0,0,0,0,0,0,29,0,MAA4
07/25/2026,X001YG6DXP,B0CV14R7LM,CRM-WG-NW-Butterfly-Grey,CRASOME Non-Woven Dust Proof Water Resistant Kitchen Wet Grinder Cover for 2 Litre Table Top Butterfly Smart | Butterfly Rhino | Butterfly Hippo - Grey,SELLABLE,18,0,0,0,0,0,0,0,0,0,0,0,18,0,PNQ3
07/25/2026,X001YGBEHP,B0CV16PGBY,CRM-WG-NW-Butterfly-Black,Crasome Dust Proof Water Resistant Kitchen Wet Grinder Cover for 2 Litre Table Top Butterfly Rhino | Butterfly Smart | Butterfly Hippo - Black,CUSTOMER_DAMAGED,1,0,0,0,0,0,0,0,0,0,0,0,0,0,PNQ3
07/25/2026,X001YGBEHP,B0CV16PGBY,CRM-WG-NW-Butterfly-Black,Crasome Dust Proof Water Resistant Kitchen Wet Grinder Cover for 2 Litre Table Top Butterfly Rhino | Butterfly Smart | Butterfly Hippo - Black,SELLABLE,3,0,0,0,0,0,0,0,0,0,0,0,3,0,DED4
07/25/2026,X001YGBEHP,B0CV16PGBY,CRM-WG-NW-Butterfly-Black,Crasome Dust Proof Water Resistant Kitchen Wet Grinder Cover for 2 Litre Table Top Butterfly Rhino | Butterfly Smart | Butterfly Hippo - Black,SELLABLE,2,0,0,0,0,0,0,0,0,0,0,0,2,0,DEL4
07/25/2026,X001YHIQQV,B0CV4767XP,CRM-WG-NW-Ultra-Grey,Crasome Dust Proof Water Resistant Kitchen Wet Grinder Cover for 2 Litre Table Top Ultra Perfect S | Ultra Perfect Plus - Grey,CUSTOMER_DAMAGED,1,0,0,0,0,0,0,0,0,0,0,0,0,0,CJB1
07/25/2026,X001YHIQQV,B0CV4767XP,CRM-WG-NW-Ultra-Grey,Crasome Dust Proof Water Resistant Kitchen Wet Grinder Cover for 2 Litre Table Top Ultra Perfect S | Ultra Perfect Plus - Grey,DEFECTIVE,1,0,0,0,1,0,0,0,0,0,0,0,0,0,CJB1
07/25/2026,X001YHIQQV,B0CV4767XP,CRM-WG-NW-Ultra-Grey,Crasome Dust Proof Water Resistant Kitchen Wet Grinder Cover for 2 Litre Table Top Ultra Perfect S | Ultra Perfect Plus - Grey,SELLABLE,2,0,0,0,0,0,0,0,0,0,0,0,2,0,AMD2
07/25/2026,X001YHIQQV,B0CV4767XP,CRM-WG-NW-Ultra-Grey,Crasome Dust Proof Water Resistant Kitchen Wet Grinder Cover for 2 Litre Table Top Ultra Perfect S | Ultra Perfect Plus - Grey,SELLABLE,0,0,0,0,1,0,0,0,0,0,0,0,1,0,BLR5
07/25/2026,X001YHIQQV,B0CV4767XP,CRM-WG-NW-Ultra-Grey,Crasome Dust Proof Water Resistant Kitchen Wet Grinder Cover for 2 Litre Table Top Ultra Perfect S | Ultra Perfect Plus - Grey,SELLABLE,11,0,0,-1,0,0,0,0,0,0,0,0,10,0,BLR7
07/25/2026,X001YHIQQV,B0CV4767XP,CRM-WG-NW-Ultra-Grey,Crasome Dust Proof Water Resistant Kitchen Wet Grinder Cover for 2 Litre Table Top Ultra Perfect S | Ultra Perfect Plus - Grey,SELLABLE,20,0,0,-3,0,0,1,0,0,0,0,0,18,0,BLR8
07/25/2026,X001YHIQQV,B0CV4767XP,CRM-WG-NW-Ultra-Grey,Crasome Dust Proof Water Resistant Kitchen Wet Grinder Cover for 2 Litre Table Top Ultra Perfect S | Ultra Perfect Plus - Grey,SELLABLE,4,0,0,-1,0,0,12,0,0,0,0,0,15,0,BOM5
07/25/2026,X001YHIQQV,B0CV4767XP,CRM-WG-NW-Ultra-Grey,Crasome Dust Proof Water Resistant Kitchen Wet Grinder Cover for 2 Litre Table Top Ultra Perfect S | Ultra Perfect Plus - Grey,SELLABLE,32,0,0,0,0,0,0,0,0,0,0,0,32,0,BOM7
07/25/2026,X001YHIQQV,B0CV4767XP,CRM-WG-NW-Ultra-Grey,Crasome Dust Proof Water Resistant Kitchen Wet Grinder Cover for 2 Litre Table Top Ultra Perfect S | Ultra Perfect Plus - Grey,SELLABLE,3,0,0,-1,0,0,0,0,0,0,0,0,2,0,CJB1
07/25/2026,X001YHIQQV,B0CV4767XP,CRM-WG-NW-Ultra-Grey,Crasome Dust Proof Water Resistant Kitchen Wet Grinder Cover for 2 Litre Table Top Ultra Perfect S | Ultra Perfect Plus - Grey,SELLABLE,26,0,0,0,0,0,0,0,0,0,0,0,26,0,DED4
07/25/2026,X001YHIQQV,B0CV4767XP,CRM-WG-NW-Ultra-Grey,Crasome Dust Proof Water Resistant Kitchen Wet Grinder Cover for 2 Litre Table Top Ultra Perfect S | Ultra Perfect Plus - Grey,SELLABLE,34,0,0,0,0,0,0,0,0,0,0,0,34,0,DEL4
07/25/2026,X001YHIQQV,B0CV4767XP,CRM-WG-NW-Ultra-Grey,Crasome Dust Proof Water Resistant Kitchen Wet Grinder Cover for 2 Litre Table Top Ultra Perfect S | Ultra Perfect Plus - Grey,SELLABLE,50,0,0,0,0,0,0,0,0,0,0,0,50,0,DEL5
07/25/2026,X001YHIQQV,B0CV4767XP,CRM-WG-NW-Ultra-Grey,Crasome Dust Proof Water Resistant Kitchen Wet Grinder Cover for 2 Litre Table Top Ultra Perfect S | Ultra Perfect Plus - Grey,SELLABLE,97,0,0,0,0,0,0,0,0,0,0,0,97,0,MAA4
07/25/2026,X001YHIQQV,B0CV4767XP,CRM-WG-NW-Ultra-Grey,Crasome Dust Proof Water Resistant Kitchen Wet Grinder Cover for 2 Litre Table Top Ultra Perfect S | Ultra Perfect Plus - Grey,SELLABLE,34,0,0,-3,0,0,0,0,0,0,0,0,31,0,PNQ3
07/25/2026,X001YHL41Z,B0CV47TJPR,CRM-WG-NW-Ultra-Black,Crasome Dust Proof Water Resistant Kitchen Wet Grinder Cover for 2 Litre Table Top Ultra Perfect S | Ultra Perfect Plus - Black,SELLABLE,0,0,0,0,1,0,0,0,0,0,0,0,1,0,BOM5
07/25/2026,X001YHL41Z,B0CV47TJPR,CRM-WG-NW-Ultra-Black,Crasome Dust Proof Water Resistant Kitchen Wet Grinder Cover for 2 Litre Table Top Ultra Perfect S | Ultra Perfect Plus - Black,SELLABLE,1,0,0,-1,0,0,0,0,0,0,0,0,0,0,DED4
07/25/2026,X001YHL41Z,B0CV47TJPR,CRM-WG-NW-Ultra-Black,Crasome Dust Proof Water Resistant Kitchen Wet Grinder Cover for 2 Litre Table Top Ultra Perfect S | Ultra Perfect Plus - Black,SELLABLE,6,0,0,-2,0,0,0,0,0,0,0,0,4,0,DEL4
07/25/2026,X001YHL41Z,B0CV47TJPR,CRM-WG-NW-Ultra-Black,Crasome Dust Proof Water Resistant Kitchen Wet Grinder Cover for 2 Litre Table Top Ultra Perfect S | Ultra Perfect Plus - Black,SELLABLE,9,0,0,-1,0,0,0,0,0,0,0,0,8,0,DEL5
07/25/2026,X001ZIUUQD,B0CY834BP1,CRM-HP-4826-Grey-1,Crasome Dust Proof Water-resistant Printer Cover for HP Deskjet All-in-One 4826 (Grey),SELLABLE,1,0,0,0,0,0,0,0,0,0,0,0,1,0,AMD2
07/25/2026,X001ZIUUQD,B0CY834BP1,CRM-HP-4826-Grey-1,Crasome Dust Proof Water-resistant Printer Cover for HP Deskjet All-in-One 4826 (Grey),SELLABLE,1,0,0,0,0,0,0,0,0,0,0,0,1,0,BLR8
07/25/2026,X001ZIUUQD,B0CY834BP1,CRM-HP-4826-Grey-1,Crasome Dust Proof Water-resistant Printer Cover for HP Deskjet All-in-One 4826 (Grey),SELLABLE,1,0,0,0,0,0,0,0,0,0,0,0,1,0,BOM5
07/25/2026,X001ZIUUQD,B0CY834BP1,CRM-HP-4826-Grey-1,Crasome Dust Proof Water-resistant Printer Cover for HP Deskjet All-in-One 4826 (Grey),SELLABLE,1,0,0,0,0,0,0,0,0,0,0,0,1,0,BOM7
07/25/2026,X001ZIUUQD,B0CY834BP1,CRM-HP-4826-Grey-1,Crasome Dust Proof Water-resistant Printer Cover for HP Deskjet All-in-One 4826 (Grey),SELLABLE,1,0,0,0,0,0,0,0,0,0,0,0,1,0,DED4
07/25/2026,X001ZIUUQD,B0CY834BP1,CRM-HP-4826-Grey-1,Crasome Dust Proof Water-resistant Printer Cover for HP Deskjet All-in-One 4826 (Grey),SELLABLE,2,0,0,0,0,0,0,0,0,0,0,0,2,0,DEL4
07/25/2026,X001ZIUUQD,B0CY834BP1,CRM-HP-4826-Grey-1,Crasome Dust Proof Water-resistant Printer Cover for HP Deskjet All-in-One 4826 (Grey),SELLABLE,1,0,0,0,0,0,0,0,0,0,0,0,1,0,MAA4
07/25/2026,X001ZIUUQD,B0CY834BP1,CRM-HP-4826-Grey-1,Crasome Dust Proof Water-resistant Printer Cover for HP Deskjet All-in-One 4826 (Grey),SELLABLE,1,0,0,0,0,0,0,0,0,0,0,0,1,0,PNQ3
07/25/2026,X0021HOUFT,B0D5HPG9WQ,CRM-CP2-GREY-2Q,"CRASOME Travel Organizer Gadget Case | Electronic Accessories Storage Pouch for Power Adapters, Cables, Dongle, Laptop Charger Pouch (CP2-Grey-Pack2)",SELLABLE,9,0,0,0,0,0,0,0,0,0,0,0,9,0,BLR7
07/25/2026,X0021HOUFT,B0D5HPG9WQ,CRM-CP2-GREY-2Q,"CRASOME Travel Organizer Gadget Case | Electronic Accessories Storage Pouch for Power Adapters, Cables, Dongle, Laptop Charger Pouch (CP2-Grey-Pack2)",SELLABLE,5,0,0,0,0,0,0,0,0,0,0,0,5,0,BLR8
07/25/2026,X0021HOUFT,B0D5HPG9WQ,CRM-CP2-GREY-2Q,"CRASOME Travel Organizer Gadget Case | Electronic Accessories Storage Pouch for Power Adapters, Cables, Dongle, Laptop Charger Pouch (CP2-Grey-Pack2)",SELLABLE,1,0,0,0,0,0,0,0,0,0,0,0,1,0,BOM5
07/25/2026,X0021HOUFT,B0D5HPG9WQ,CRM-CP2-GREY-2Q,"CRASOME Travel Organizer Gadget Case | Electronic Accessories Storage Pouch for Power Adapters, Cables, Dongle, Laptop Charger Pouch (CP2-Grey-Pack2)",SELLABLE,2,0,0,0,0,0,0,0,0,0,0,0,2,0,BOM7
07/25/2026,X0021HOUFT,B0D5HPG9WQ,CRM-CP2-GREY-2Q,"CRASOME Travel Organizer Gadget Case | Electronic Accessories Storage Pouch for Power Adapters, Cables, Dongle, Laptop Charger Pouch (CP2-Grey-Pack2)",SELLABLE,2,0,0,0,0,0,0,0,0,0,0,0,2,0,CJB1
07/25/2026,X0021HOUFT,B0D5HPG9WQ,CRM-CP2-GREY-2Q,"CRASOME Travel Organizer Gadget Case | Electronic Accessories Storage Pouch for Power Adapters, Cables, Dongle, Laptop Charger Pouch (CP2-Grey-Pack2)",SELLABLE,1,0,0,0,0,0,0,0,0,0,0,0,1,0,DED4
07/25/2026,X0021HOUFT,B0D5HPG9WQ,CRM-CP2-GREY-2Q,"CRASOME Travel Organizer Gadget Case | Electronic Accessories Storage Pouch for Power Adapters, Cables, Dongle, Laptop Charger Pouch (CP2-Grey-Pack2)",SELLABLE,3,0,0,0,0,0,0,0,0,0,0,0,3,0,DEL5
07/25/2026,X0021HOUFT,B0D5HPG9WQ,CRM-CP2-GREY-2Q,"CRASOME Travel Organizer Gadget Case | Electronic Accessories Storage Pouch for Power Adapters, Cables, Dongle, Laptop Charger Pouch (CP2-Grey-Pack2)",SELLABLE,7,0,0,0,0,0,0,0,0,0,0,0,7,0,MAA4
07/25/2026,X0021HOUFT,B0D5HPG9WQ,CRM-CP2-GREY-2Q,"CRASOME Travel Organizer Gadget Case | Electronic Accessories Storage Pouch for Power Adapters, Cables, Dongle, Laptop Charger Pouch (CP2-Grey-Pack2)",SELLABLE,4,0,0,0,0,0,0,0,0,0,0,0,4,0,PNQ3
07/25/2026,X0025J4BQV,B0DK1J5N5C,CRM-Cube1-Grey-Pack3-1,"Crasome Packing Cubes for Travel, Travel Organizer for Men & Women, Toiletries & Clothes Storage Bags, Travel Organizer Packing Bags, Pack of 3 (Cube1-Grey-Pack3)",CUSTOMER_DAMAGED,2,0,0,0,0,0,0,0,0,0,0,0,0,0,MAA4
07/25/2026,X0025J4BQV,B0DK1J5N5C,CRM-Cube1-Grey-Pack3-1,"Crasome Packing Cubes for Travel, Travel Organizer for Men & Women, Toiletries & Clothes Storage Bags, Travel Organizer Packing Bags, Pack of 3 (Cube1-Grey-Pack3)",CUSTOMER_DAMAGED,1,0,0,0,0,0,0,0,0,0,0,0,0,0,PNQ3
07/25/2026,X0025J4BQV,B0DK1J5N5C,CRM-Cube1-Grey-Pack3-1,"Crasome Packing Cubes for Travel, Travel Organizer for Men & Women, Toiletries & Clothes Storage Bags, Travel Organizer Packing Bags, Pack of 3 (Cube1-Grey-Pack3)",SELLABLE,21,0,0,0,0,0,0,0,0,0,0,0,21,0,AMD2
07/25/2026,X0025J4BQV,B0DK1J5N5C,CRM-Cube1-Grey-Pack3-1,"Crasome Packing Cubes for Travel, Travel Organizer for Men & Women, Toiletries & Clothes Storage Bags, Travel Organizer Packing Bags, Pack of 3 (Cube1-Grey-Pack3)",SELLABLE,29,0,0,0,0,0,0,0,0,0,0,0,29,0,BLR7
07/25/2026,X0025J4BQV,B0DK1J5N5C,CRM-Cube1-Grey-Pack3-1,"Crasome Packing Cubes for Travel, Travel Organizer for Men & Women, Toiletries & Clothes Storage Bags, Travel Organizer Packing Bags, Pack of 3 (Cube1-Grey-Pack3)",SELLABLE,31,0,0,0,0,0,0,0,0,0,0,0,31,0,BLR8
07/25/2026,X0025J4BQV,B0DK1J5N5C,CRM-Cube1-Grey-Pack3-1,"Crasome Packing Cubes for Travel, Travel Organizer for Men & Women, Toiletries & Clothes Storage Bags, Travel Organizer Packing Bags, Pack of 3 (Cube1-Grey-Pack3)",SELLABLE,25,0,0,0,0,0,0,0,0,0,0,0,25,0,BOM5
07/25/2026,X0025J4BQV,B0DK1J5N5C,CRM-Cube1-Grey-Pack3-1,"Crasome Packing Cubes for Travel, Travel Organizer for Men & Women, Toiletries & Clothes Storage Bags, Travel Organizer Packing Bags, Pack of 3 (Cube1-Grey-Pack3)",SELLABLE,1,0,0,0,0,0,0,0,0,0,0,0,1,0,BOM7
07/25/2026,X0025J4BQV,B0DK1J5N5C,CRM-Cube1-Grey-Pack3-1,"Crasome Packing Cubes for Travel, Travel Organizer for Men & Women, Toiletries & Clothes Storage Bags, Travel Organizer Packing Bags, Pack of 3 (Cube1-Grey-Pack3)",SELLABLE,16,0,0,0,0,0,0,0,0,0,0,0,16,0,CJB1
07/25/2026,X0025J4BQV,B0DK1J5N5C,CRM-Cube1-Grey-Pack3-1,"Crasome Packing Cubes for Travel, Travel Organizer for Men & Women, Toiletries & Clothes Storage Bags, Travel Organizer Packing Bags, Pack of 3 (Cube1-Grey-Pack3)",SELLABLE,54,0,0,-1,0,0,0,0,0,0,0,0,53,0,DED4
07/25/2026,X0025J4BQV,B0DK1J5N5C,CRM-Cube1-Grey-Pack3-1,"Crasome Packing Cubes for Travel, Travel Organizer for Men & Women, Toiletries & Clothes Storage Bags, Travel Organizer Packing Bags, Pack of 3 (Cube1-Grey-Pack3)",SELLABLE,11,0,0,-2,0,0,0,0,0,0,0,0,9,0,DEL4
07/25/2026,X0025J4BQV,B0DK1J5N5C,CRM-Cube1-Grey-Pack3-1,"Crasome Packing Cubes for Travel, Travel Organizer for Men & Women, Toiletries & Clothes Storage Bags, Travel Organizer Packing Bags, Pack of 3 (Cube1-Grey-Pack3)",SELLABLE,28,0,0,-1,0,0,0,0,0,0,0,0,27,0,DEL5
07/25/2026,X0025J4BQV,B0DK1J5N5C,CRM-Cube1-Grey-Pack3-1,"Crasome Packing Cubes for Travel, Travel Organizer for Men & Women, Toiletries & Clothes Storage Bags, Travel Organizer Packing Bags, Pack of 3 (Cube1-Grey-Pack3)",SELLABLE,12,0,0,-4,0,0,0,0,0,0,0,0,8,0,MAA4
07/25/2026,X0025J4BQV,B0DK1J5N5C,CRM-Cube1-Grey-Pack3-1,"Crasome Packing Cubes for Travel, Travel Organizer for Men & Women, Toiletries & Clothes Storage Bags, Travel Organizer Packing Bags, Pack of 3 (Cube1-Grey-Pack3)",SELLABLE,40,0,0,0,0,0,0,0,0,0,0,0,40,0,PNQ3
07/25/2026,X00262A0EJ,B0DKTH64QZ,CRM-PR-670-G3770-GREY,Crasome Dust & Water Proof Printer Cover for Canon Pixma G2770 / G3770 / G3730 / G2730 (Grey),SELLABLE,1,0,0,0,0,0,0,0,0,0,0,0,1,0,BLR7
07/25/2026,X00262A0EJ,B0DKTH64QZ,CRM-PR-670-G3770-GREY,Crasome Dust & Water Proof Printer Cover for Canon Pixma G2770 / G3770 / G3730 / G2730 (Grey),SELLABLE,1,0,0,-1,0,0,0,0,0,0,0,0,0,0,BLR8
07/25/2026,X00262A0EJ,B0DKTH64QZ,CRM-PR-670-G3770-GREY,Crasome Dust & Water Proof Printer Cover for Canon Pixma G2770 / G3770 / G3730 / G2730 (Grey),SELLABLE,1,0,0,0,0,0,0,0,0,0,0,0,1,0,BOM7
07/25/2026,X00262A0EJ,B0DKTH64QZ,CRM-PR-670-G3770-GREY,Crasome Dust & Water Proof Printer Cover for Canon Pixma G2770 / G3770 / G3730 / G2730 (Grey),SELLABLE,5,0,0,-3,0,0,0,0,0,0,0,0,2,0,DED4
07/25/2026,X00262A0EJ,B0DKTH64QZ,CRM-PR-670-G3770-GREY,Crasome Dust & Water Proof Printer Cover for Canon Pixma G2770 / G3770 / G3730 / G2730 (Grey),SELLABLE,1,0,0,0,0,0,0,0,0,0,0,0,1,0,MAA4
07/25/2026,X00262A0EJ,B0DKTH64QZ,CRM-PR-670-G3770-GREY,Crasome Dust & Water Proof Printer Cover for Canon Pixma G2770 / G3770 / G3730 / G2730 (Grey),SELLABLE,3,0,0,-1,0,0,0,0,0,0,0,0,2,0,PNQ3
07/25/2026,X00262A2LF,B0DKTNJ414,CRM-PR-670-G3770-BLACK,Crasome Dust & Water Proof Printer Cover for Canon Pixma G2770 / G3770 / G3730 / G2730 (Black),SELLABLE,1,0,0,0,0,0,0,0,0,0,0,0,1,0,AMD2
07/25/2026,X00262A2LF,B0DKTNJ414,CRM-PR-670-G3770-BLACK,Crasome Dust & Water Proof Printer Cover for Canon Pixma G2770 / G3770 / G3730 / G2730 (Black),SELLABLE,18,0,0,-1,0,0,0,0,0,0,0,0,17,0,BLR7
07/25/2026,X00262A2LF,B0DKTNJ414,CRM-PR-670-G3770-BLACK,Crasome Dust & Water Proof Printer Cover for Canon Pixma G2770 / G3770 / G3730 / G2730 (Black),SELLABLE,1,0,0,-1,0,0,0,0,0,0,0,0,0,0,BLR8
07/25/2026,X00262A2LF,B0DKTNJ414,CRM-PR-670-G3770-BLACK,Crasome Dust & Water Proof Printer Cover for Canon Pixma G2770 / G3770 / G3730 / G2730 (Black),SELLABLE,0,0,0,0,0,0,1,0,0,0,0,0,1,0,BOM5
07/25/2026,X00262A2LF,B0DKTNJ414,CRM-PR-670-G3770-BLACK,Crasome Dust & Water Proof Printer Cover for Canon Pixma G2770 / G3770 / G3730 / G2730 (Black),SELLABLE,1,0,0,0,0,0,0,0,0,0,0,0,1,0,BOM7
07/25/2026,X00262A2LF,B0DKTNJ414,CRM-PR-670-G3770-BLACK,Crasome Dust & Water Proof Printer Cover for Canon Pixma G2770 / G3770 / G3730 / G2730 (Black),SELLABLE,8,0,0,-1,0,0,0,0,0,0,0,0,7,0,DED4
07/25/2026,X00262A2LF,B0DKTNJ414,CRM-PR-670-G3770-BLACK,Crasome Dust & Water Proof Printer Cover for Canon Pixma G2770 / G3770 / G3730 / G2730 (Black),SELLABLE,9,0,0,0,0,0,0,0,0,0,0,0,9,0,DEL5
07/25/2026,X00262A2LF,B0DKTNJ414,CRM-PR-670-G3770-BLACK,Crasome Dust & Water Proof Printer Cover for Canon Pixma G2770 / G3770 / G3730 / G2730 (Black),SELLABLE,15,0,0,0,0,0,0,0,0,0,0,0,15,0,MAA4
07/25/2026,X00262A2LF,B0DKTNJ414,CRM-PR-670-G3770-BLACK,Crasome Dust & Water Proof Printer Cover for Canon Pixma G2770 / G3770 / G3730 / G2730 (Black),SELLABLE,3,0,0,-1,0,0,-1,0,0,0,0,0,1,0,PNQ3
07/25/2026,X0027PPVX5,B0DN9JXDRD,CRM-PR-4826-E477-GREY,CRASOME Non-Woven Dust & Water Proof Printer Cover for Canon Pixma E470 / E477 (Grey),SELLABLE,3,0,0,0,0,0,0,0,0,0,0,0,3,0,AMD2
07/25/2026,X0027PPVX5,B0DN9JXDRD,CRM-PR-4826-E477-GREY,CRASOME Non-Woven Dust & Water Proof Printer Cover for Canon Pixma E470 / E477 (Grey),SELLABLE,1,0,0,0,0,0,0,0,0,0,0,0,1,0,BLR4
07/25/2026,X0027PPVX5,B0DN9JXDRD,CRM-PR-4826-E477-GREY,CRASOME Non-Woven Dust & Water Proof Printer Cover for Canon Pixma E470 / E477 (Grey),SELLABLE,16,0,0,0,0,0,0,0,0,0,0,0,16,0,BLR7
07/25/2026,X0027PPVX5,B0DN9JXDRD,CRM-PR-4826-E477-GREY,CRASOME Non-Woven Dust & Water Proof Printer Cover for Canon Pixma E470 / E477 (Grey),SELLABLE,27,0,0,-1,0,0,0,0,0,0,0,0,26,0,BLR8
07/25/2026,X0027PPVX5,B0DN9JXDRD,CRM-PR-4826-E477-GREY,CRASOME Non-Woven Dust & Water Proof Printer Cover for Canon Pixma E470 / E477 (Grey),SELLABLE,4,0,0,0,0,0,0,0,0,0,0,0,4,0,BOM5
07/25/2026,X0027PPVX5,B0DN9JXDRD,CRM-PR-4826-E477-GREY,CRASOME Non-Woven Dust & Water Proof Printer Cover for Canon Pixma E470 / E477 (Grey),SELLABLE,4,0,0,0,0,0,0,0,0,0,0,0,4,0,BOM7
07/25/2026,X0027PPVX5,B0DN9JXDRD,CRM-PR-4826-E477-GREY,CRASOME Non-Woven Dust & Water Proof Printer Cover for Canon Pixma E470 / E477 (Grey),SELLABLE,11,0,0,0,0,0,0,0,0,0,0,0,11,0,CJB1
07/25/2026,X0027PPVX5,B0DN9JXDRD,CRM-PR-4826-E477-GREY,CRASOME Non-Woven Dust & Water Proof Printer Cover for Canon Pixma E470 / E477 (Grey),SELLABLE,26,0,0,-1,0,0,0,0,0,0,0,0,25,0,DED4
07/25/2026,X0027PPVX5,B0DN9JXDRD,CRM-PR-4826-E477-GREY,CRASOME Non-Woven Dust & Water Proof Printer Cover for Canon Pixma E470 / E477 (Grey),SELLABLE,30,0,0,0,0,0,0,0,0,0,0,0,30,0,DEL4
07/25/2026,X0027PPVX5,B0DN9JXDRD,CRM-PR-4826-E477-GREY,CRASOME Non-Woven Dust & Water Proof Printer Cover for Canon Pixma E470 / E477 (Grey),SELLABLE,4,0,0,0,0,0,1,0,0,0,0,0,5,0,DEL5
07/25/2026,X0027PPVX5,B0DN9JXDRD,CRM-PR-4826-E477-GREY,CRASOME Non-Woven Dust & Water Proof Printer Cover for Canon Pixma E470 / E477 (Grey),SELLABLE,22,0,0,-1,0,0,0,0,0,0,0,0,21,0,MAA4
07/25/2026,X0027PPVX5,B0DN9JXDRD,CRM-PR-4826-E477-GREY,CRASOME Non-Woven Dust & Water Proof Printer Cover for Canon Pixma E470 / E477 (Grey),SELLABLE,13,0,0,0,0,0,0,0,0,0,0,0,13,0,PNQ3
07/25/2026,X0027PSKVF,B0DK9918ZY,CRM-EP-L3252-NW-BLACK,Crasome Dust & Water Proof Printer Cover for Epson EcoTank L3252 (Black),SELLABLE,1,0,0,0,0,0,0,0,0,0,0,0,1,0,BLR7
07/25/2026,X0027X17MV,B0DN9NPSCX,CRM-PR-4826-E477-BLACK,Crasome Dust & Water Proof Printer Cover for Canon Pixma E470 / E477 (Black),SELLABLE,8,0,0,0,0,0,0,0,0,0,0,0,8,0,AMD2
07/25/2026,X0027X17MV,B0DN9NPSCX,CRM-PR-4826-E477-BLACK,Crasome Dust & Water Proof Printer Cover for Canon Pixma E470 / E477 (Black),SELLABLE,11,0,0,-1,0,0,0,0,0,0,0,0,10,0,BLR7
07/25/2026,X0027X17MV,B0DN9NPSCX,CRM-PR-4826-E477-BLACK,Crasome Dust & Water Proof Printer Cover for Canon Pixma E470 / E477 (Black),SELLABLE,21,0,1,0,0,0,0,0,0,0,0,0,22,0,BLR8
07/25/2026,X0027X17MV,B0DN9NPSCX,CRM-PR-4826-E477-BLACK,Crasome Dust & Water Proof Printer Cover for Canon Pixma E470 / E477 (Black),SELLABLE,2,0,0,0,0,0,0,0,0,0,0,0,2,0,BOM5
07/25/2026,X0027X17MV,B0DN9NPSCX,CRM-PR-4826-E477-BLACK,Crasome Dust & Water Proof Printer Cover for Canon Pixma E470 / E477 (Black),SELLABLE,6,0,0,0,0,0,0,0,0,0,0,0,6,0,BOM7
07/25/2026,X0027X17MV,B0DN9NPSCX,CRM-PR-4826-E477-BLACK,Crasome Dust & Water Proof Printer Cover for Canon Pixma E470 / E477 (Black),SELLABLE,5,0,0,0,0,0,0,0,0,0,0,0,5,0,CJB1
07/25/2026,X0027X17MV,B0DN9NPSCX,CRM-PR-4826-E477-BLACK,Crasome Dust & Water Proof Printer Cover for Canon Pixma E470 / E477 (Black),SELLABLE,4,0,0,0,0,0,0,0,0,0,0,0,4,0,DED4
07/25/2026,X0027X17MV,B0DN9NPSCX,CRM-PR-4826-E477-BLACK,Crasome Dust & Water Proof Printer Cover for Canon Pixma E470 / E477 (Black),SELLABLE,6,0,0,0,0,0,0,0,0,0,0,0,6,0,DEL4
07/25/2026,X0027X17MV,B0DN9NPSCX,CRM-PR-4826-E477-BLACK,Crasome Dust & Water Proof Printer Cover for Canon Pixma E470 / E477 (Black),SELLABLE,7,0,0,0,0,0,0,0,0,0,0,0,7,0,DEL5
07/25/2026,X0027X17MV,B0DN9NPSCX,CRM-PR-4826-E477-BLACK,Crasome Dust & Water Proof Printer Cover for Canon Pixma E470 / E477 (Black),SELLABLE,7,0,0,0,0,0,0,0,0,0,0,0,7,0,MAA4
07/25/2026,X0027X17MV,B0DN9NPSCX,CRM-PR-4826-E477-BLACK,Crasome Dust & Water Proof Printer Cover for Canon Pixma E470 / E477 (Black),SELLABLE,6,0,0,0,0,0,0,0,0,0,0,0,6,0,PNQ3
07/25/2026,X0027Y6GKN,B0DT93P6GL,CRM-SOB1-M-BL-WH-2Q,"CRASOME Set of 2 Wardrobe Organizer for Clothes with Handles, Storage Organizer for Clothes, Foldable Storage Baskets for Organizing Toys, Books, Storage Organizer with Handles (SOB1-M-BL-WH-2Q)",SELLABLE,1,0,0,0,0,0,0,0,0,0,0,0,1,0,BLR7
07/25/2026,X00289S0WJ,B0DV8V7JWV,CRM-SOB1-L-BL-WH,CRASOME 2 Pcs Wardrobe Organizer for Storage | Storage Baskets for Clothing Fabric Storage Box with Handles Shelf Basket for Storage Clothes Pants Jeans Sweater (SOB1-L-BL-WH-2Q),SELLABLE,1,0,0,0,0,0,0,0,0,0,0,0,1,0,BLR7
07/25/2026,X0028EQLQL,B0DM1GM4RV,CRM-BR-580-T226-NW-BLACK,Crasome Dust & Water Proof Printer Cover for Brother DCP-T226 / DCP-T426W (Black),SELLABLE,1,0,0,0,0,0,0,0,0,0,0,0,1,0,BLR7
07/25/2026,X0028EQLQL,B0DM1GM4RV,CRM-BR-580-T226-NW-BLACK,Crasome Dust & Water Proof Printer Cover for Brother DCP-T226 / DCP-T426W (Black),SELLABLE,1,0,0,0,0,0,0,0,0,0,0,0,1,0,BLR8
07/25/2026,X0028EQLQL,B0DM1GM4RV,CRM-BR-580-T226-NW-BLACK,Crasome Dust & Water Proof Printer Cover for Brother DCP-T226 / DCP-T426W (Black),SELLABLE,1,0,0,0,0,0,0,0,0,0,0,0,1,0,DEL4
07/25/2026,X0028EQLQL,B0DM1GM4RV,CRM-BR-580-T226-NW-BLACK,Crasome Dust & Water Proof Printer Cover for Brother DCP-T226 / DCP-T426W (Black),SELLABLE,1,0,0,0,0,0,0,0,0,0,0,0,1,0,PNQ3
07/25/2026,X0028ESBT1,B0DKP64DPR,CRM-HP-4826-4929-Grey,Crasome Dust Proof Water-resistant Printer Cover for HP Deskjet Advantage Ultra 2820 / 4929 (Grey),CUSTOMER_DAMAGED,1,0,0,0,0,0,0,0,0,0,0,0,0,0,DED4
07/25/2026,X0028ESBT1,B0DKP64DPR,CRM-HP-4826-4929-Grey,Crasome Dust Proof Water-resistant Printer Cover for HP Deskjet Advantage Ultra 2820 / 4929 (Grey),SELLABLE,10,0,0,0,0,0,0,0,0,0,0,0,10,0,BLR7
07/25/2026,X0028ESBT1,B0DKP64DPR,CRM-HP-4826-4929-Grey,Crasome Dust Proof Water-resistant Printer Cover for HP Deskjet Advantage Ultra 2820 / 4929 (Grey),SELLABLE,3,0,0,0,0,0,0,0,0,0,0,0,3,0,BLR8
07/25/2026,X0028ESBT1,B0DKP64DPR,CRM-HP-4826-4929-Grey,Crasome Dust Proof Water-resistant Printer Cover for HP Deskjet Advantage Ultra 2820 / 4929 (Grey),SELLABLE,3,0,0,0,0,0,0,0,0,0,0,0,3,0,BOM5
07/25/2026,X0028ESBT1,B0DKP64DPR,CRM-HP-4826-4929-Grey,Crasome Dust Proof Water-resistant Printer Cover for HP Deskjet Advantage Ultra 2820 / 4929 (Grey),SELLABLE,5,0,0,0,0,0,0,0,0,0,0,0,5,0,BOM7
07/25/2026,X0028ESBT1,B0DKP64DPR,CRM-HP-4826-4929-Grey,Crasome Dust Proof Water-resistant Printer Cover for HP Deskjet Advantage Ultra 2820 / 4929 (Grey),SELLABLE,2,0,0,0,0,0,0,0,0,0,0,0,2,0,CJB1
07/25/2026,X0028ESBT1,B0DKP64DPR,CRM-HP-4826-4929-Grey,Crasome Dust Proof Water-resistant Printer Cover for HP Deskjet Advantage Ultra 2820 / 4929 (Grey),SELLABLE,6,0,0,0,0,0,0,0,0,0,0,0,6,0,DED4
07/25/2026,X0028ESBT1,B0DKP64DPR,CRM-HP-4826-4929-Grey,Crasome Dust Proof Water-resistant Printer Cover for HP Deskjet Advantage Ultra 2820 / 4929 (Grey),SELLABLE,2,0,0,0,0,0,0,0,0,0,0,0,2,0,DEL4
07/25/2026,X0028ESBT1,B0DKP64DPR,CRM-HP-4826-4929-Grey,Crasome Dust Proof Water-resistant Printer Cover for HP Deskjet Advantage Ultra 2820 / 4929 (Grey),SELLABLE,4,0,0,0,0,0,0,0,0,0,0,0,4,0,DEL5
07/25/2026,X0028ESBT1,B0DKP64DPR,CRM-HP-4826-4929-Grey,Crasome Dust Proof Water-resistant Printer Cover for HP Deskjet Advantage Ultra 2820 / 4929 (Grey),SELLABLE,4,0,0,0,0,0,0,0,0,0,0,0,4,0,MAA4
07/25/2026,X0028ESBT1,B0DKP64DPR,CRM-HP-4826-4929-Grey,Crasome Dust Proof Water-resistant Printer Cover for HP Deskjet Advantage Ultra 2820 / 4929 (Grey),SELLABLE,4,0,0,0,0,0,0,0,0,0,0,0,4,0,PNQ3
07/25/2026,X0028ESFZL,B0DM1PCFD9,CRM-BR-580-T226-NW-GREY,CRASOME Dust & Water Proof Printer Cover for Brother DCP-T226 / DCP-T426W (Grey),SELLABLE,1,0,0,0,0,0,0,0,0,0,0,0,1,0,AMD2
07/25/2026,X0028ESFZL,B0DM1PCFD9,CRM-BR-580-T226-NW-GREY,CRASOME Dust & Water Proof Printer Cover for Brother DCP-T226 / DCP-T426W (Grey),SELLABLE,0,3,0,0,0,0,0,0,0,0,0,0,0,0,BLR4
07/25/2026,X0028ESFZL,B0DM1PCFD9,CRM-BR-580-T226-NW-GREY,CRASOME Dust & Water Proof Printer Cover for Brother DCP-T226 / DCP-T426W (Grey),SELLABLE,1,0,0,0,0,0,0,0,0,0,0,0,1,0,BLR7
07/25/2026,X0028ESFZL,B0DM1PCFD9,CRM-BR-580-T226-NW-GREY,CRASOME Dust & Water Proof Printer Cover for Brother DCP-T226 / DCP-T426W (Grey),SELLABLE,1,0,0,0,0,0,0,0,0,0,0,0,1,0,BLR8
07/25/2026,X0028ESFZL,B0DM1PCFD9,CRM-BR-580-T226-NW-GREY,CRASOME Dust & Water Proof Printer Cover for Brother DCP-T226 / DCP-T426W (Grey),SELLABLE,1,0,0,0,0,0,0,0,0,0,0,0,1,0,BOM5
07/25/2026,X0028ESFZL,B0DM1PCFD9,CRM-BR-580-T226-NW-GREY,CRASOME Dust & Water Proof Printer Cover for Brother DCP-T226 / DCP-T426W (Grey),SELLABLE,1,0,0,0,0,0,0,0,0,0,0,0,1,0,CJB1
07/25/2026,X0028ESFZL,B0DM1PCFD9,CRM-BR-580-T226-NW-GREY,CRASOME Dust & Water Proof Printer Cover for Brother DCP-T226 / DCP-T426W (Grey),SELLABLE,1,0,0,0,0,0,0,0,0,0,0,0,1,0,DED4
07/25/2026,X0028ESFZL,B0DM1PCFD9,CRM-BR-580-T226-NW-GREY,CRASOME Dust & Water Proof Printer Cover for Brother DCP-T226 / DCP-T426W (Grey),SELLABLE,1,0,0,0,0,0,0,0,0,0,0,0,1,0,DEL5
07/25/2026,X0028ESFZL,B0DM1PCFD9,CRM-BR-580-T226-NW-GREY,CRASOME Dust & Water Proof Printer Cover for Brother DCP-T226 / DCP-T426W (Grey),SELLABLE,4,0,0,0,0,0,0,0,0,0,0,0,4,0,MAA4
07/25/2026,X0028ESFZL,B0DM1PCFD9,CRM-BR-580-T226-NW-GREY,CRASOME Dust & Water Proof Printer Cover for Brother DCP-T226 / DCP-T426W (Grey),SELLABLE,1,0,0,0,0,0,0,0,0,0,0,0,1,0,PNQ3
07/25/2026,X0029UOZFD,B0F2MW77TT,CRM-Cube1-Grey-Pack5,"CRASOME Polyester Packing Cubes for Travel, Travel Organizer for Men & Women, Travel Storage Bag, Travel Organizer, Packing Bag for Clothes (Grey-5)",CUSTOMER_DAMAGED,1,0,0,0,0,0,0,0,0,0,0,0,0,0,PNQ3
07/25/2026,X0029UOZFD,B0F2MW77TT,CRM-Cube1-Grey-Pack5,"CRASOME Polyester Packing Cubes for Travel, Travel Organizer for Men & Women, Travel Storage Bag, Travel Organizer, Packing Bag for Clothes (Grey-5)",DEFECTIVE,1,0,0,0,0,0,0,0,0,0,0,0,0,0,CJB1
07/25/2026,X0029UOZFD,B0F2MW77TT,CRM-Cube1-Grey-Pack5,"CRASOME Polyester Packing Cubes for Travel, Travel Organizer for Men & Women, Travel Storage Bag, Travel Organizer, Packing Bag for Clothes (Grey-5)",SELLABLE,9,0,0,0,0,0,0,0,0,0,0,0,9,0,AMD2
07/25/2026,X0029UOZFD,B0F2MW77TT,CRM-Cube1-Grey-Pack5,"CRASOME Polyester Packing Cubes for Travel, Travel Organizer for Men & Women, Travel Storage Bag, Travel Organizer, Packing Bag for Clothes (Grey-5)",SELLABLE,0,3,0,0,0,0,0,0,0,0,0,0,0,0,BLR4
07/25/2026,X0029UOZFD,B0F2MW77TT,CRM-Cube1-Grey-Pack5,"CRASOME Polyester Packing Cubes for Travel, Travel Organizer for Men & Women, Travel Storage Bag, Travel Organizer, Packing Bag for Clothes (Grey-5)",SELLABLE,8,0,0,0,0,0,0,0,0,0,0,0,8,0,BLR7
07/25/2026,X0029UOZFD,B0F2MW77TT,CRM-Cube1-Grey-Pack5,"CRASOME Polyester Packing Cubes for Travel, Travel Organizer for Men & Women, Travel Storage Bag, Travel Organizer, Packing Bag for Clothes (Grey-5)",SELLABLE,44,0,0,0,0,0,0,0,0,0,0,0,44,0,BLR8
07/25/2026,X0029UOZFD,B0F2MW77TT,CRM-Cube1-Grey-Pack5,"CRASOME Polyester Packing Cubes for Travel, Travel Organizer for Men & Women, Travel Storage Bag, Travel Organizer, Packing Bag for Clothes (Grey-5)",SELLABLE,32,0,0,0,0,0,0,0,0,0,0,0,32,0,BOM5
07/25/2026,X0029UOZFD,B0F2MW77TT,CRM-Cube1-Grey-Pack5,"CRASOME Polyester Packing Cubes for Travel, Travel Organizer for Men & Women, Travel Storage Bag, Travel Organizer, Packing Bag for Clothes (Grey-5)",SELLABLE,4,0,0,0,0,0,0,0,0,0,0,0,4,0,BOM7
07/25/2026,X0029UOZFD,B0F2MW77TT,CRM-Cube1-Grey-Pack5,"CRASOME Polyester Packing Cubes for Travel, Travel Organizer for Men & Women, Travel Storage Bag, Travel Organizer, Packing Bag for Clothes (Grey-5)",SELLABLE,10,0,0,0,0,0,0,0,0,0,0,0,10,0,CJB1
07/25/2026,X0029UOZFD,B0F2MW77TT,CRM-Cube1-Grey-Pack5,"CRASOME Polyester Packing Cubes for Travel, Travel Organizer for Men & Women, Travel Storage Bag, Travel Organizer, Packing Bag for Clothes (Grey-5)",SELLABLE,10,0,-1,0,0,0,0,0,0,0,0,0,9,0,DED4
07/25/2026,X0029UOZFD,B0F2MW77TT,CRM-Cube1-Grey-Pack5,"CRASOME Polyester Packing Cubes for Travel, Travel Organizer for Men & Women, Travel Storage Bag, Travel Organizer, Packing Bag for Clothes (Grey-5)",SELLABLE,7,0,0,0,0,0,0,0,0,0,0,0,7,0,DEL4
07/25/2026,X0029UOZFD,B0F2MW77TT,CRM-Cube1-Grey-Pack5,"CRASOME Polyester Packing Cubes for Travel, Travel Organizer for Men & Women, Travel Storage Bag, Travel Organizer, Packing Bag for Clothes (Grey-5)",SELLABLE,11,0,0,0,0,0,0,0,0,0,0,0,11,0,MAA4
07/25/2026,X0029UOZFD,B0F2MW77TT,CRM-Cube1-Grey-Pack5,"CRASOME Polyester Packing Cubes for Travel, Travel Organizer for Men & Women, Travel Storage Bag, Travel Organizer, Packing Bag for Clothes (Grey-5)",SELLABLE,13,0,0,-1,0,0,0,0,0,0,0,0,12,0,PNQ3
07/25/2026,X0029XAJ6T,B0DVPHGLM3,CRM-PR-G4770-NW-BLACK,Crasome Dust & Water Proof Printer Cover for Canon Pixma G4770 (Black),SELLABLE,2,0,0,0,0,0,0,0,0,0,0,0,2,0,BLR8
07/25/2026,X0029XAJ6T,B0DVPHGLM3,CRM-PR-G4770-NW-BLACK,Crasome Dust & Water Proof Printer Cover for Canon Pixma G4770 (Black),SELLABLE,2,0,0,0,0,0,0,0,0,0,0,0,2,0,BOM7
07/25/2026,X0029XAJ6T,B0DVPHGLM3,CRM-PR-G4770-NW-BLACK,Crasome Dust & Water Proof Printer Cover for Canon Pixma G4770 (Black),SELLABLE,2,0,0,0,0,0,0,0,0,0,0,0,2,0,DEL4
07/25/2026,X0029XAJ6T,B0DVPHGLM3,CRM-PR-G4770-NW-BLACK,Crasome Dust & Water Proof Printer Cover for Canon Pixma G4770 (Black),SELLABLE,10,0,0,0,0,0,0,0,0,0,0,0,10,0,DEL5
07/25/2026,X0029XAJ6T,B0DVPHGLM3,CRM-PR-G4770-NW-BLACK,Crasome Dust & Water Proof Printer Cover for Canon Pixma G4770 (Black),SELLABLE,5,0,0,0,0,0,0,0,0,0,0,0,5,0,MAA4
07/25/2026,X0029XAJ6T,B0DVPHGLM3,CRM-PR-G4770-NW-BLACK,Crasome Dust & Water Proof Printer Cover for Canon Pixma G4770 (Black),SELLABLE,3,0,0,0,0,0,0,0,0,0,0,0,3,0,PNQ3
07/25/2026,X0029XAKVN,B0DVPQ48NW,CRM-PR-G4770-NW-GREY,Crasome Dust & Water Proof Printer Cover for Canon Pixma G4770 (Grey),SELLABLE,1,0,0,0,0,0,0,0,0,0,0,0,1,0,AMD2
07/25/2026,X0029XAKVN,B0DVPQ48NW,CRM-PR-G4770-NW-GREY,Crasome Dust & Water Proof Printer Cover for Canon Pixma G4770 (Grey),SELLABLE,2,0,0,0,0,0,0,0,0,0,0,0,2,0,DED4
07/25/2026,X0029XAKVN,B0DVPQ48NW,CRM-PR-G4770-NW-GREY,Crasome Dust & Water Proof Printer Cover for Canon Pixma G4770 (Grey),SELLABLE,3,0,0,0,0,0,0,0,0,0,0,0,3,0,DEL4
07/25/2026,X0029XAKVN,B0DVPQ48NW,CRM-PR-G4770-NW-GREY,Crasome Dust & Water Proof Printer Cover for Canon Pixma G4770 (Grey),SELLABLE,1,0,0,0,0,0,0,0,0,0,0,0,1,0,DEL5
07/25/2026,X0029XAKVN,B0DVPQ48NW,CRM-PR-G4770-NW-GREY,Crasome Dust & Water Proof Printer Cover for Canon Pixma G4770 (Grey),SELLABLE,1,0,0,0,0,0,0,0,0,0,0,0,1,0,MAA4
07/25/2026,X0029XAKVN,B0DVPQ48NW,CRM-PR-G4770-NW-GREY,Crasome Dust & Water Proof Printer Cover for Canon Pixma G4770 (Grey),SELLABLE,2,0,0,0,0,0,0,0,0,0,0,0,2,0,PNQ3
07/25/2026,X002AC6KML,B0F4XQ6NSJ,CRM-Canon-TS207-Grey,CRASOME Dust Proof Water-resistant Printer Cover for Canon Pixma TS207 (Grey),SELLABLE,1,0,0,0,0,0,0,0,0,0,0,0,1,0,AMD2
07/25/2026,X002AC6KML,B0F4XQ6NSJ,CRM-Canon-TS207-Grey,CRASOME Dust Proof Water-resistant Printer Cover for Canon Pixma TS207 (Grey),SELLABLE,1,0,0,0,0,0,0,0,0,0,0,0,1,0,BOM5
07/25/2026,X002AC6KML,B0F4XQ6NSJ,CRM-Canon-TS207-Grey,CRASOME Dust Proof Water-resistant Printer Cover for Canon Pixma TS207 (Grey),SELLABLE,2,0,0,0,0,0,0,0,0,0,0,0,2,0,DED4
07/25/2026,X002ACHJ5D,B0F4XM78MP,CRM-HP-2606sdw-Grey,CRASOME Non Woven Dust Proof Water-Resistant Printer Cover For HP Laserjet Tank MFP 1188Fnw / 2606Sdw (Grey),SELLABLE,3,0,0,0,0,0,0,0,0,0,0,0,3,0,AMD2
07/25/2026,X002ACHJ5D,B0F4XM78MP,CRM-HP-2606sdw-Grey,CRASOME Non Woven Dust Proof Water-Resistant Printer Cover For HP Laserjet Tank MFP 1188Fnw / 2606Sdw (Grey),SELLABLE,19,0,0,0,0,0,0,0,0,0,0,0,19,0,BLR7
07/25/2026,X002ACHJ5D,B0F4XM78MP,CRM-HP-2606sdw-Grey,CRASOME Non Woven Dust Proof Water-Resistant Printer Cover For HP Laserjet Tank MFP 1188Fnw / 2606Sdw (Grey),SELLABLE,3,0,0,0,0,0,0,0,0,0,0,0,3,0,BLR8
07/25/2026,X002ACHJ5D,B0F4XM78MP,CRM-HP-2606sdw-Grey,CRASOME Non Woven Dust Proof Water-Resistant Printer Cover For HP Laserjet Tank MFP 1188Fnw / 2606Sdw (Grey),SELLABLE,2,0,0,-1,0,0,0,0,0,0,0,0,1,0,CJB1
07/25/2026,X002ACHJ5D,B0F4XM78MP,CRM-HP-2606sdw-Grey,CRASOME Non Woven Dust Proof Water-Resistant Printer Cover For HP Laserjet Tank MFP 1188Fnw / 2606Sdw (Grey),SELLABLE,2,0,0,0,0,0,0,0,0,0,0,0,2,0,DED4
07/25/2026,X002ACHJ5D,B0F4XM78MP,CRM-HP-2606sdw-Grey,CRASOME Non Woven Dust Proof Water-Resistant Printer Cover For HP Laserjet Tank MFP 1188Fnw / 2606Sdw (Grey),SELLABLE,1,0,0,0,0,0,0,0,0,0,0,0,1,0,DEL4
07/25/2026,X002ACHJ5D,B0F4XM78MP,CRM-HP-2606sdw-Grey,CRASOME Non Woven Dust Proof Water-Resistant Printer Cover For HP Laserjet Tank MFP 1188Fnw / 2606Sdw (Grey),SELLABLE,4,0,0,0,0,0,0,0,0,0,0,0,4,0,DEL5
07/25/2026,X002ACHJ5D,B0F4XM78MP,CRM-HP-2606sdw-Grey,CRASOME Non Woven Dust Proof Water-Resistant Printer Cover For HP Laserjet Tank MFP 1188Fnw / 2606Sdw (Grey),SELLABLE,2,0,0,0,0,0,0,0,0,0,0,0,2,0,PNQ3
07/25/2026,X002ACHJ6H,B0F4XRS6NR,CRM-HP-136-1188w-Grey,Crasome Dust Proof Water-resistant Printer Cover for HP Laser MFP 1188w / 1188a (Grey),CUSTOMER_DAMAGED,1,0,0,0,0,0,0,0,0,0,0,0,0,0,DEL4
07/25/2026,X002ACHJ6H,B0F4XRS6NR,CRM-HP-136-1188w-Grey,Crasome Dust Proof Water-resistant Printer Cover for HP Laser MFP 1188w / 1188a (Grey),SELLABLE,0,2,0,0,0,0,0,0,0,0,0,0,0,0,BLR4
07/25/2026,X002ACHJ6H,B0F4XRS6NR,CRM-HP-136-1188w-Grey,Crasome Dust Proof Water-resistant Printer Cover for HP Laser MFP 1188w / 1188a (Grey),SELLABLE,5,0,0,0,0,0,1,0,0,0,0,0,6,0,BLR7
07/25/2026,X002ACHJ6H,B0F4XRS6NR,CRM-HP-136-1188w-Grey,Crasome Dust Proof Water-resistant Printer Cover for HP Laser MFP 1188w / 1188a (Grey),SELLABLE,8,0,0,0,0,0,0,0,0,0,0,0,8,0,BLR8
07/25/2026,X002ACHJ6H,B0F4XRS6NR,CRM-HP-136-1188w-Grey,Crasome Dust Proof Water-resistant Printer Cover for HP Laser MFP 1188w / 1188a (Grey),SELLABLE,11,0,0,0,0,0,1,0,0,0,0,0,12,0,BOM5
07/25/2026,X002ACHJ6H,B0F4XRS6NR,CRM-HP-136-1188w-Grey,Crasome Dust Proof Water-resistant Printer Cover for HP Laser MFP 1188w / 1188a (Grey),SELLABLE,11,0,0,0,0,0,0,0,0,0,0,0,11,0,BOM7
07/25/2026,X002ACHJ6H,B0F4XRS6NR,CRM-HP-136-1188w-Grey,Crasome Dust Proof Water-resistant Printer Cover for HP Laser MFP 1188w / 1188a (Grey),SELLABLE,13,0,0,0,0,0,0,0,0,0,0,0,13,0,CJB1
07/25/2026,X002ACHJ6H,B0F4XRS6NR,CRM-HP-136-1188w-Grey,Crasome Dust Proof Water-resistant Printer Cover for HP Laser MFP 1188w / 1188a (Grey),SELLABLE,7,0,0,0,0,0,0,0,0,0,0,0,7,0,DED4
07/25/2026,X002ACHJ6H,B0F4XRS6NR,CRM-HP-136-1188w-Grey,Crasome Dust Proof Water-resistant Printer Cover for HP Laser MFP 1188w / 1188a (Grey),SELLABLE,6,0,0,0,0,0,0,0,0,0,0,0,6,0,DEL4
07/25/2026,X002ACHJ6H,B0F4XRS6NR,CRM-HP-136-1188w-Grey,Crasome Dust Proof Water-resistant Printer Cover for HP Laser MFP 1188w / 1188a (Grey),SELLABLE,11,0,0,0,0,0,0,0,0,0,0,0,11,0,DEL5
07/25/2026,X002ACHJ6H,B0F4XRS6NR,CRM-HP-136-1188w-Grey,Crasome Dust Proof Water-resistant Printer Cover for HP Laser MFP 1188w / 1188a (Grey),SELLABLE,7,0,0,0,0,0,0,0,0,0,0,0,7,0,MAA4
07/25/2026,X002ACHJ6H,B0F4XRS6NR,CRM-HP-136-1188w-Grey,Crasome Dust Proof Water-resistant Printer Cover for HP Laser MFP 1188w / 1188a (Grey),SELLABLE,15,0,0,0,0,0,0,0,0,0,0,0,15,0,PNQ3
07/25/2026,X002BBNFU1,B0F916GTW7,CRM-WG-NW-Ultra-Grind+-Grey,Crasome Dust Proof Water Resistant Kitchen Wet Grinder Cover for 2 Litre Table Top Ultra Grind+ Gold - Grey,SELLABLE,6,0,0,0,0,0,0,0,0,0,0,0,6,0,AMD2
07/25/2026,X002BBNFU1,B0F916GTW7,CRM-WG-NW-Ultra-Grind+-Grey,Crasome Dust Proof Water Resistant Kitchen Wet Grinder Cover for 2 Litre Table Top Ultra Grind+ Gold - Grey,SELLABLE,14,0,0,0,0,0,0,0,0,0,0,0,14,0,BLR7
07/25/2026,X002BBNFU1,B0F916GTW7,CRM-WG-NW-Ultra-Grind+-Grey,Crasome Dust Proof Water Resistant Kitchen Wet Grinder Cover for 2 Litre Table Top Ultra Grind+ Gold - Grey,SELLABLE,15,0,0,0,0,0,0,0,0,0,0,0,15,0,BLR8
07/25/2026,X002BBNFU1,B0F916GTW7,CRM-WG-NW-Ultra-Grind+-Grey,Crasome Dust Proof Water Resistant Kitchen Wet Grinder Cover for 2 Litre Table Top Ultra Grind+ Gold - Grey,SELLABLE,3,0,0,0,0,0,0,0,0,0,0,0,3,0,BOM5
07/25/2026,X002BBNFU1,B0F916GTW7,CRM-WG-NW-Ultra-Grind+-Grey,Crasome Dust Proof Water Resistant Kitchen Wet Grinder Cover for 2 Litre Table Top Ultra Grind+ Gold - Grey,SELLABLE,12,0,0,0,0,0,0,0,0,0,0,0,12,0,BOM7
07/25/2026,X002BBNFU1,B0F916GTW7,CRM-WG-NW-Ultra-Grind+-Grey,Crasome Dust Proof Water Resistant Kitchen Wet Grinder Cover for 2 Litre Table Top Ultra Grind+ Gold - Grey,SELLABLE,2,0,0,0,0,0,0,0,0,0,0,0,2,0,CJB1
07/25/2026,X002BBNFU1,B0F916GTW7,CRM-WG-NW-Ultra-Grind+-Grey,Crasome Dust Proof Water Resistant Kitchen Wet Grinder Cover for 2 Litre Table Top Ultra Grind+ Gold - Grey,SELLABLE,31,0,0,0,0,0,0,0,0,0,0,0,31,0,DED4
07/25/2026,X002BBNFU1,B0F916GTW7,CRM-WG-NW-Ultra-Grind+-Grey,Crasome Dust Proof Water Resistant Kitchen Wet Grinder Cover for 2 Litre Table Top Ultra Grind+ Gold - Grey,SELLABLE,37,0,0,0,0,0,0,0,0,0,0,0,37,0,DEL4
07/25/2026,X002BBNFU1,B0F916GTW7,CRM-WG-NW-Ultra-Grind+-Grey,Crasome Dust Proof Water Resistant Kitchen Wet Grinder Cover for 2 Litre Table Top Ultra Grind+ Gold - Grey,SELLABLE,45,0,0,0,0,0,0,0,0,0,0,0,45,0,DEL5
07/25/2026,X002BBNFU1,B0F916GTW7,CRM-WG-NW-Ultra-Grind+-Grey,Crasome Dust Proof Water Resistant Kitchen Wet Grinder Cover for 2 Litre Table Top Ultra Grind+ Gold - Grey,SELLABLE,82,0,0,-1,0,0,0,0,0,0,0,0,81,0,MAA4
07/25/2026,X002BBNFU1,B0F916GTW7,CRM-WG-NW-Ultra-Grind+-Grey,Crasome Dust Proof Water Resistant Kitchen Wet Grinder Cover for 2 Litre Table Top Ultra Grind+ Gold - Grey,SELLABLE,20,0,0,0,0,0,0,0,0,0,0,0,20,0,PNQ3
07/25/2026,X002BBNHTZ,B0F91CY6LW,CRM-WG-NW-Ultra-Grind+-Black,Crasome Dust Proof Water Resistant Kitchen Wet Grinder Cover for 2 Litre Table Top Ultra Grind+ Gold - Black,SELLABLE,1,0,0,0,0,0,0,0,0,0,0,0,1,0,AMD2
07/25/2026,X002BBNHTZ,B0F91CY6LW,CRM-WG-NW-Ultra-Grind+-Black,Crasome Dust Proof Water Resistant Kitchen Wet Grinder Cover for 2 Litre Table Top Ultra Grind+ Gold - Black,SELLABLE,1,0,0,0,0,0,0,0,0,0,0,0,1,0,BOM5
07/25/2026,X002BBNHTZ,B0F91CY6LW,CRM-WG-NW-Ultra-Grind+-Black,Crasome Dust Proof Water Resistant Kitchen Wet Grinder Cover for 2 Litre Table Top Ultra Grind+ Gold - Black,SELLABLE,6,0,0,0,0,0,0,0,0,0,0,0,6,0,CJB1
07/25/2026,X002BBNHTZ,B0F91CY6LW,CRM-WG-NW-Ultra-Grind+-Black,Crasome Dust Proof Water Resistant Kitchen Wet Grinder Cover for 2 Litre Table Top Ultra Grind+ Gold - Black,SELLABLE,20,0,0,0,0,0,0,0,0,0,0,0,20,0,DED4
07/25/2026,X002BBNHTZ,B0F91CY6LW,CRM-WG-NW-Ultra-Grind+-Black,Crasome Dust Proof Water Resistant Kitchen Wet Grinder Cover for 2 Litre Table Top Ultra Grind+ Gold - Black,SELLABLE,3,0,0,0,0,0,0,0,0,0,0,0,3,0,DEL4
07/25/2026,X002BBNHTZ,B0F91CY6LW,CRM-WG-NW-Ultra-Grind+-Black,Crasome Dust Proof Water Resistant Kitchen Wet Grinder Cover for 2 Litre Table Top Ultra Grind+ Gold - Black,SELLABLE,7,0,0,0,0,0,0,0,0,0,0,0,7,0,DEL5
07/25/2026,X002BBNHTZ,B0F91CY6LW,CRM-WG-NW-Ultra-Grind+-Black,Crasome Dust Proof Water Resistant Kitchen Wet Grinder Cover for 2 Litre Table Top Ultra Grind+ Gold - Black,SELLABLE,2,0,0,0,0,0,2,0,0,0,0,0,4,0,MAA4
07/25/2026,X002BBNHTZ,B0F91CY6LW,CRM-WG-NW-Ultra-Grind+-Black,Crasome Dust Proof Water Resistant Kitchen Wet Grinder Cover for 2 Litre Table Top Ultra Grind+ Gold - Black,SELLABLE,6,0,0,0,0,0,0,0,0,0,0,0,6,0,PNQ3
07/25/2026,X002BPQSAL,B0FBLZJM8D,CRM-Cube1-Grey-Pack12,"Crasome Packing Cubes for Travel, Travel Organizer for Men & Women, Travel Storage Bag, Travel Organizer, Packing Bag for Clothes Pack of 12 (Grey-12)",CUSTOMER_DAMAGED,1,0,0,0,0,0,0,0,0,0,0,0,0,0,AMD2
07/25/2026,X002BPQSAL,B0FBLZJM8D,CRM-Cube1-Grey-Pack12,"Crasome Packing Cubes for Travel, Travel Organizer for Men & Women, Travel Storage Bag, Travel Organizer, Packing Bag for Clothes Pack of 12 (Grey-12)",CUSTOMER_DAMAGED,1,0,0,0,0,0,0,0,0,0,0,0,0,0,DEL4
07/25/2026,X002BPQSAL,B0FBLZJM8D,CRM-Cube1-Grey-Pack12,"Crasome Packing Cubes for Travel, Travel Organizer for Men & Women, Travel Storage Bag, Travel Organizer, Packing Bag for Clothes Pack of 12 (Grey-12)",SELLABLE,3,0,0,0,0,0,0,0,0,0,0,0,3,0,AMD2
07/25/2026,X002BPQSAL,B0FBLZJM8D,CRM-Cube1-Grey-Pack12,"Crasome Packing Cubes for Travel, Travel Organizer for Men & Women, Travel Storage Bag, Travel Organizer, Packing Bag for Clothes Pack of 12 (Grey-12)",SELLABLE,0,1,0,0,0,0,0,0,0,0,0,0,0,0,BLR4
07/25/2026,X002BPQSAL,B0FBLZJM8D,CRM-Cube1-Grey-Pack12,"Crasome Packing Cubes for Travel, Travel Organizer for Men & Women, Travel Storage Bag, Travel Organizer, Packing Bag for Clothes Pack of 12 (Grey-12)",SELLABLE,5,0,0,0,0,0,0,0,0,0,0,0,5,0,BLR7
07/25/2026,X002BPQSAL,B0FBLZJM8D,CRM-Cube1-Grey-Pack12,"Crasome Packing Cubes for Travel, Travel Organizer for Men & Women, Travel Storage Bag, Travel Organizer, Packing Bag for Clothes Pack of 12 (Grey-12)",SELLABLE,16,0,0,0,0,0,0,0,0,0,0,0,16,0,BLR8
07/25/2026,X002BPQSAL,B0FBLZJM8D,CRM-Cube1-Grey-Pack12,"Crasome Packing Cubes for Travel, Travel Organizer for Men & Women, Travel Storage Bag, Travel Organizer, Packing Bag for Clothes Pack of 12 (Grey-12)",SELLABLE,8,0,0,-1,0,0,0,0,0,0,0,0,7,0,BOM5
07/25/2026,X002BPQSAL,B0FBLZJM8D,CRM-Cube1-Grey-Pack12,"Crasome Packing Cubes for Travel, Travel Organizer for Men & Women, Travel Storage Bag, Travel Organizer, Packing Bag for Clothes Pack of 12 (Grey-12)",SELLABLE,2,0,0,0,0,0,0,0,0,0,0,0,2,0,BOM7
07/25/2026,X002BPQSAL,B0FBLZJM8D,CRM-Cube1-Grey-Pack12,"Crasome Packing Cubes for Travel, Travel Organizer for Men & Women, Travel Storage Bag, Travel Organizer, Packing Bag for Clothes Pack of 12 (Grey-12)",SELLABLE,5,0,0,0,0,0,0,0,0,0,0,0,5,0,CJB1
07/25/2026,X002BPQSAL,B0FBLZJM8D,CRM-Cube1-Grey-Pack12,"Crasome Packing Cubes for Travel, Travel Organizer for Men & Women, Travel Storage Bag, Travel Organizer, Packing Bag for Clothes Pack of 12 (Grey-12)",SELLABLE,13,0,0,0,0,0,0,0,0,0,0,0,13,0,DED4
07/25/2026,X002BPQSAL,B0FBLZJM8D,CRM-Cube1-Grey-Pack12,"Crasome Packing Cubes for Travel, Travel Organizer for Men & Women, Travel Storage Bag, Travel Organizer, Packing Bag for Clothes Pack of 12 (Grey-12)",SELLABLE,5,0,0,0,0,0,0,0,0,0,0,0,5,0,DEL4
07/25/2026,X002BPQSAL,B0FBLZJM8D,CRM-Cube1-Grey-Pack12,"Crasome Packing Cubes for Travel, Travel Organizer for Men & Women, Travel Storage Bag, Travel Organizer, Packing Bag for Clothes Pack of 12 (Grey-12)",SELLABLE,4,0,0,0,0,0,0,0,0,0,0,0,4,0,DEL5
07/25/2026,X002BPQSAL,B0FBLZJM8D,CRM-Cube1-Grey-Pack12,"Crasome Packing Cubes for Travel, Travel Organizer for Men & Women, Travel Storage Bag, Travel Organizer, Packing Bag for Clothes Pack of 12 (Grey-12)",SELLABLE,3,0,0,0,0,0,0,0,0,0,0,0,3,0,MAA4
07/25/2026,X002BPQSAL,B0FBLZJM8D,CRM-Cube1-Grey-Pack12,"Crasome Packing Cubes for Travel, Travel Organizer for Men & Women, Travel Storage Bag, Travel Organizer, Packing Bag for Clothes Pack of 12 (Grey-12)",SELLABLE,10,0,0,0,0,0,0,0,0,0,0,0,10,0,PNQ3
07/25/2026,X002C2AN7H,B0FB3S1YZW,CRM-SC-TS-4Q,Crasome Saree Bags/Covers for Storage Set of-4 Big Size With Zip Closure for Clothes Bags and Wardrobe Organizer With Transparent Window (SC-TS-4Q),SELLABLE,2,0,0,0,0,0,0,0,0,0,0,0,2,0,BLR7
07/25/2026,X002C2AN7H,B0FB3S1YZW,CRM-SC-TS-4Q,Crasome Saree Bags/Covers for Storage Set of-4 Big Size With Zip Closure for Clothes Bags and Wardrobe Organizer With Transparent Window (SC-TS-4Q),SELLABLE,9,0,0,0,0,0,0,0,0,0,0,0,9,0,BLR8
07/25/2026,X002C2AN7H,B0FB3S1YZW,CRM-SC-TS-4Q,Crasome Saree Bags/Covers for Storage Set of-4 Big Size With Zip Closure for Clothes Bags and Wardrobe Organizer With Transparent Window (SC-TS-4Q),SELLABLE,4,0,0,0,0,0,0,0,0,0,0,0,4,0,BOM5
07/25/2026,X002C2AN7H,B0FB3S1YZW,CRM-SC-TS-4Q,Crasome Saree Bags/Covers for Storage Set of-4 Big Size With Zip Closure for Clothes Bags and Wardrobe Organizer With Transparent Window (SC-TS-4Q),SELLABLE,5,0,0,0,0,0,0,0,0,0,0,0,5,0,CJB1
07/25/2026,X002C2AN7H,B0FB3S1YZW,CRM-SC-TS-4Q,Crasome Saree Bags/Covers for Storage Set of-4 Big Size With Zip Closure for Clothes Bags and Wardrobe Organizer With Transparent Window (SC-TS-4Q),SELLABLE,1,0,0,0,0,0,0,0,0,0,0,0,1,0,DED4
07/25/2026,X002C2AN7H,B0FB3S1YZW,CRM-SC-TS-4Q,Crasome Saree Bags/Covers for Storage Set of-4 Big Size With Zip Closure for Clothes Bags and Wardrobe Organizer With Transparent Window (SC-TS-4Q),SELLABLE,1,0,0,0,0,0,0,0,0,0,0,0,1,0,DEL4
07/25/2026,X002C2AN7H,B0FB3S1YZW,CRM-SC-TS-4Q,Crasome Saree Bags/Covers for Storage Set of-4 Big Size With Zip Closure for Clothes Bags and Wardrobe Organizer With Transparent Window (SC-TS-4Q),SELLABLE,3,0,0,0,0,0,0,0,0,0,0,0,3,0,MAA4
07/25/2026,X002C2AN7H,B0FB3S1YZW,CRM-SC-TS-4Q,Crasome Saree Bags/Covers for Storage Set of-4 Big Size With Zip Closure for Clothes Bags and Wardrobe Organizer With Transparent Window (SC-TS-4Q),SELLABLE,3,0,0,0,0,0,0,0,0,0,0,0,3,0,PNQ3
07/25/2026,X002C2AN9F,B0F9NZ1J2K,CRM-SC-BLACK-TS-4Q,Crasome Saree Bags/Covers for Storage Big Size With Zip Closure for Clothes Bags and Wardrobe Organizer With Transparent Window (Black TS - 4),SELLABLE,3,0,0,0,0,0,0,0,0,0,0,0,3,0,AMD2
07/25/2026,X002C2AN9F,B0F9NZ1J2K,CRM-SC-BLACK-TS-4Q,Crasome Saree Bags/Covers for Storage Big Size With Zip Closure for Clothes Bags and Wardrobe Organizer With Transparent Window (Black TS - 4),SELLABLE,1,0,0,0,0,0,0,0,0,0,0,0,1,0,BLR8
07/25/2026,X002C2AN9F,B0F9NZ1J2K,CRM-SC-BLACK-TS-4Q,Crasome Saree Bags/Covers for Storage Big Size With Zip Closure for Clothes Bags and Wardrobe Organizer With Transparent Window (Black TS - 4),SELLABLE,1,0,0,0,0,0,0,0,0,0,0,0,1,0,PNQ3
07/25/2026,X002DK29S9,B0FLY33H16,CRM-TS-STB-PACK-4,"Crasome Pack of 4 Transparent Storage Bag for Saree Covers,Clothes, Lehenga, Blankets, Bedsheets, Toys, Docs|Wardrobe Organizer|Clear Storage Box Bag - Plastic, 40x32x22 cm",CUSTOMER_DAMAGED,2,0,0,0,0,0,0,0,0,0,0,0,0,0,AMD2
07/25/2026,X002DK29S9,B0FLY33H16,CRM-TS-STB-PACK-4,"Crasome Pack of 4 Transparent Storage Bag for Saree Covers,Clothes, Lehenga, Blankets, Bedsheets, Toys, Docs|Wardrobe Organizer|Clear Storage Box Bag - Plastic, 40x32x22 cm",SELLABLE,7,0,0,0,0,0,0,0,0,0,0,0,7,0,AMD2
07/25/2026,X002DK29S9,B0FLY33H16,CRM-TS-STB-PACK-4,"Crasome Pack of 4 Transparent Storage Bag for Saree Covers,Clothes, Lehenga, Blankets, Bedsheets, Toys, Docs|Wardrobe Organizer|Clear Storage Box Bag - Plastic, 40x32x22 cm",SELLABLE,3,0,0,0,0,0,0,0,0,0,0,0,3,0,BLR7
07/25/2026,X002DK29S9,B0FLY33H16,CRM-TS-STB-PACK-4,"Crasome Pack of 4 Transparent Storage Bag for Saree Covers,Clothes, Lehenga, Blankets, Bedsheets, Toys, Docs|Wardrobe Organizer|Clear Storage Box Bag - Plastic, 40x32x22 cm",SELLABLE,35,0,0,0,0,0,0,0,0,0,0,0,35,0,BLR8
07/25/2026,X002DK29S9,B0FLY33H16,CRM-TS-STB-PACK-4,"Crasome Pack of 4 Transparent Storage Bag for Saree Covers,Clothes, Lehenga, Blankets, Bedsheets, Toys, Docs|Wardrobe Organizer|Clear Storage Box Bag - Plastic, 40x32x22 cm",SELLABLE,10,0,0,0,0,0,0,0,0,0,0,0,10,0,BOM5
07/25/2026,X002DK29S9,B0FLY33H16,CRM-TS-STB-PACK-4,"Crasome Pack of 4 Transparent Storage Bag for Saree Covers,Clothes, Lehenga, Blankets, Bedsheets, Toys, Docs|Wardrobe Organizer|Clear Storage Box Bag - Plastic, 40x32x22 cm",SELLABLE,5,0,0,0,0,0,0,0,0,0,0,0,5,0,BOM7
07/25/2026,X002DK29S9,B0FLY33H16,CRM-TS-STB-PACK-4,"Crasome Pack of 4 Transparent Storage Bag for Saree Covers,Clothes, Lehenga, Blankets, Bedsheets, Toys, Docs|Wardrobe Organizer|Clear Storage Box Bag - Plastic, 40x32x22 cm",SELLABLE,22,0,0,0,0,0,0,0,0,0,0,0,22,0,CJB1
07/25/2026,X002DK29S9,B0FLY33H16,CRM-TS-STB-PACK-4,"Crasome Pack of 4 Transparent Storage Bag for Saree Covers,Clothes, Lehenga, Blankets, Bedsheets, Toys, Docs|Wardrobe Organizer|Clear Storage Box Bag - Plastic, 40x32x22 cm",SELLABLE,2,0,0,-1,0,0,0,0,0,0,0,0,1,0,DED4
07/25/2026,X002DK29S9,B0FLY33H16,CRM-TS-STB-PACK-4,"Crasome Pack of 4 Transparent Storage Bag for Saree Covers,Clothes, Lehenga, Blankets, Bedsheets, Toys, Docs|Wardrobe Organizer|Clear Storage Box Bag - Plastic, 40x32x22 cm",SELLABLE,22,0,0,0,0,0,0,0,0,0,0,0,22,0,MAA4
07/25/2026,X002E901FH,B0FLY9P9DR,CRM-TS-STB-PACK-2,"CRASOME Transparent Clothes Storage Bags Pack of 2 | Wardrobe Organizer with Reinforced Handles & Zipper | Saree Cover Storage Bag for Clothes, Blanket, Bedsheet, Toys & Seasonal Garments (28L)",SELLABLE,23,0,0,0,0,0,0,0,0,0,0,0,23,0,BLR8
07/25/2026,X002E901FH,B0FLY9P9DR,CRM-TS-STB-PACK-2,"CRASOME Transparent Clothes Storage Bags Pack of 2 | Wardrobe Organizer with Reinforced Handles & Zipper | Saree Cover Storage Bag for Clothes, Blanket, Bedsheet, Toys & Seasonal Garments (28L)",SELLABLE,12,0,0,-1,0,0,0,0,0,0,0,0,11,0,CJB1
07/25/2026,X002E901FH,B0FLY9P9DR,CRM-TS-STB-PACK-2,"CRASOME Transparent Clothes Storage Bags Pack of 2 | Wardrobe Organizer with Reinforced Handles & Zipper | Saree Cover Storage Bag for Clothes, Blanket, Bedsheet, Toys & Seasonal Garments (28L)",SELLABLE,12,0,0,0,0,0,0,0,0,0,0,0,12,0,MAA4
07/25/2026,X002F0RE5P,B0FS6JSFCS,CRM-Cube2-Blue-Pack4,"CRASOME Pack of 4 Packing Cubes for Travel, Travel Organizer for Men & Women, Luggage Organizers with Laundry Bag, Travel Storage Bag, Travel Organizer, Packing Bag for Clothes (Blue)",CUSTOMER_DAMAGED,1,0,0,0,0,0,0,0,0,0,0,0,0,0,DEL4
07/25/2026,X002F0RE5P,B0FS6JSFCS,CRM-Cube2-Blue-Pack4,"CRASOME Pack of 4 Packing Cubes for Travel, Travel Organizer for Men & Women, Luggage Organizers with Laundry Bag, Travel Storage Bag, Travel Organizer, Packing Bag for Clothes (Blue)",SELLABLE,2,0,0,0,0,0,0,0,0,0,0,0,2,0,AMD2
07/25/2026,X002F0RE5P,B0FS6JSFCS,CRM-Cube2-Blue-Pack4,"CRASOME Pack of 4 Packing Cubes for Travel, Travel Organizer for Men & Women, Luggage Organizers with Laundry Bag, Travel Storage Bag, Travel Organizer, Packing Bag for Clothes (Blue)",SELLABLE,0,5,0,0,0,0,0,0,0,0,0,0,0,0,BLR4
07/25/2026,X002F0RE5P,B0FS6JSFCS,CRM-Cube2-Blue-Pack4,"CRASOME Pack of 4 Packing Cubes for Travel, Travel Organizer for Men & Women, Luggage Organizers with Laundry Bag, Travel Storage Bag, Travel Organizer, Packing Bag for Clothes (Blue)",SELLABLE,3,0,0,0,0,0,0,0,0,0,0,0,3,0,BLR7
07/25/2026,X002F0RE5P,B0FS6JSFCS,CRM-Cube2-Blue-Pack4,"CRASOME Pack of 4 Packing Cubes for Travel, Travel Organizer for Men & Women, Luggage Organizers with Laundry Bag, Travel Storage Bag, Travel Organizer, Packing Bag for Clothes (Blue)",SELLABLE,5,0,0,0,0,0,0,0,0,0,0,0,5,0,BLR8
07/25/2026,X002F0RE5P,B0FS6JSFCS,CRM-Cube2-Blue-Pack4,"CRASOME Pack of 4 Packing Cubes for Travel, Travel Organizer for Men & Women, Luggage Organizers with Laundry Bag, Travel Storage Bag, Travel Organizer, Packing Bag for Clothes (Blue)",SELLABLE,9,0,0,0,0,0,6,0,0,0,0,0,15,0,BOM5
07/25/2026,X002F0RE5P,B0FS6JSFCS,CRM-Cube2-Blue-Pack4,"CRASOME Pack of 4 Packing Cubes for Travel, Travel Organizer for Men & Women, Luggage Organizers with Laundry Bag, Travel Storage Bag, Travel Organizer, Packing Bag for Clothes (Blue)",SELLABLE,4,0,0,0,0,0,0,0,0,0,0,0,4,0,BOM7
07/25/2026,X002F0RE5P,B0FS6JSFCS,CRM-Cube2-Blue-Pack4,"CRASOME Pack of 4 Packing Cubes for Travel, Travel Organizer for Men & Women, Luggage Organizers with Laundry Bag, Travel Storage Bag, Travel Organizer, Packing Bag for Clothes (Blue)",SELLABLE,2,0,0,0,0,0,0,0,0,0,0,0,2,0,CJB1
07/25/2026,X002F0RE5P,B0FS6JSFCS,CRM-Cube2-Blue-Pack4,"CRASOME Pack of 4 Packing Cubes for Travel, Travel Organizer for Men & Women, Luggage Organizers with Laundry Bag, Travel Storage Bag, Travel Organizer, Packing Bag for Clothes (Blue)",SELLABLE,3,0,0,0,0,0,0,0,0,0,0,0,3,0,DED4
07/25/2026,X002F0RE5P,B0FS6JSFCS,CRM-Cube2-Blue-Pack4,"CRASOME Pack of 4 Packing Cubes for Travel, Travel Organizer for Men & Women, Luggage Organizers with Laundry Bag, Travel Storage Bag, Travel Organizer, Packing Bag for Clothes (Blue)",SELLABLE,2,0,0,0,0,0,0,0,0,0,0,0,2,0,DEL4
07/25/2026,X002F0RE5P,B0FS6JSFCS,CRM-Cube2-Blue-Pack4,"CRASOME Pack of 4 Packing Cubes for Travel, Travel Organizer for Men & Women, Luggage Organizers with Laundry Bag, Travel Storage Bag, Travel Organizer, Packing Bag for Clothes (Blue)",SELLABLE,1,0,0,0,0,0,1,0,0,0,0,0,2,0,DEL5
07/25/2026,X002F0RE5P,B0FS6JSFCS,CRM-Cube2-Blue-Pack4,"CRASOME Pack of 4 Packing Cubes for Travel, Travel Organizer for Men & Women, Luggage Organizers with Laundry Bag, Travel Storage Bag, Travel Organizer, Packing Bag for Clothes (Blue)",SELLABLE,1,0,0,0,0,0,0,0,0,0,0,0,1,0,MAA4
07/25/2026,X002F0RE5P,B0FS6JSFCS,CRM-Cube2-Blue-Pack4,"CRASOME Pack of 4 Packing Cubes for Travel, Travel Organizer for Men & Women, Luggage Organizers with Laundry Bag, Travel Storage Bag, Travel Organizer, Packing Bag for Clothes (Blue)",SELLABLE,2,0,0,0,0,0,0,0,0,0,0,0,2,0,PNQ3
07/25/2026,X002FRK6BH,B0FW516TLK,CRM-BR-T820DW-Grey,Crasome Dust & Water Proof Printer Cover for Brother Ink Tank DCP-T820DW / MFC-T910DW / MFC-T920DW (Grey),SELLABLE,1,0,0,0,0,0,0,0,0,0,0,0,1,0,DED4
07/25/2026,X002FRK6BH,B0FW516TLK,CRM-BR-T820DW-Grey,Crasome Dust & Water Proof Printer Cover for Brother Ink Tank DCP-T820DW / MFC-T910DW / MFC-T920DW (Grey),SELLABLE,2,0,0,0,0,0,0,0,0,0,0,0,2,0,MAA4
07/25/2026,X002FRKYLT,B0FW4VKZ9M,CRM-BR-T535DW-Grey,Crasome Dust & Water Proof Printer Cover for Brother Ink Tank DCP-T535DW / DCP-T530DW / DCP-T436W / DCP-T430W (Grey),CUSTOMER_DAMAGED,1,0,0,0,0,0,0,0,0,0,0,0,0,0,DED4
07/25/2026,X002FRKYLT,B0FW4VKZ9M,CRM-BR-T535DW-Grey,Crasome Dust & Water Proof Printer Cover for Brother Ink Tank DCP-T535DW / DCP-T530DW / DCP-T436W / DCP-T430W (Grey),SELLABLE,3,0,0,0,0,0,0,0,0,0,0,0,3,0,AMD2
07/25/2026,X002FRKYLT,B0FW4VKZ9M,CRM-BR-T535DW-Grey,Crasome Dust & Water Proof Printer Cover for Brother Ink Tank DCP-T535DW / DCP-T530DW / DCP-T436W / DCP-T430W (Grey),SELLABLE,0,5,0,0,0,0,0,0,0,0,0,0,0,0,BLR4
07/25/2026,X002FRKYLT,B0FW4VKZ9M,CRM-BR-T535DW-Grey,Crasome Dust & Water Proof Printer Cover for Brother Ink Tank DCP-T535DW / DCP-T530DW / DCP-T436W / DCP-T430W (Grey),SELLABLE,0,1,0,0,0,0,0,0,0,0,0,0,0,0,BLR5
07/25/2026,X002FRKYLT,B0FW4VKZ9M,CRM-BR-T535DW-Grey,Crasome Dust & Water Proof Printer Cover for Brother Ink Tank DCP-T535DW / DCP-T530DW / DCP-T436W / DCP-T430W (Grey),SELLABLE,13,0,0,0,0,0,0,0,0,0,0,0,13,0,BLR7
07/25/2026,X002FRKYLT,B0FW4VKZ9M,CRM-BR-T535DW-Grey,Crasome Dust & Water Proof Printer Cover for Brother Ink Tank DCP-T535DW / DCP-T530DW / DCP-T436W / DCP-T430W (Grey),SELLABLE,20,0,0,-2,0,0,0,0,0,0,0,0,18,0,BLR8
07/25/2026,X002FRKYLT,B0FW4VKZ9M,CRM-BR-T535DW-Grey,Crasome Dust & Water Proof Printer Cover for Brother Ink Tank DCP-T535DW / DCP-T530DW / DCP-T436W / DCP-T430W (Grey),SELLABLE,4,0,0,0,0,0,0,0,0,0,0,0,4,0,BOM5
07/25/2026,X002FRKYLT,B0FW4VKZ9M,CRM-BR-T535DW-Grey,Crasome Dust & Water Proof Printer Cover for Brother Ink Tank DCP-T535DW / DCP-T530DW / DCP-T436W / DCP-T430W (Grey),SELLABLE,28,0,0,0,0,0,0,0,0,0,0,0,28,0,BOM7
07/25/2026,X002FRKYLT,B0FW4VKZ9M,CRM-BR-T535DW-Grey,Crasome Dust & Water Proof Printer Cover for Brother Ink Tank DCP-T535DW / DCP-T530DW / DCP-T436W / DCP-T430W (Grey),SELLABLE,3,0,0,-1,0,0,0,0,0,0,0,0,2,0,CJB1
07/25/2026,X002FRKYLT,B0FW4VKZ9M,CRM-BR-T535DW-Grey,Crasome Dust & Water Proof Printer Cover for Brother Ink Tank DCP-T535DW / DCP-T530DW / DCP-T436W / DCP-T430W (Grey),SELLABLE,8,0,0,0,0,0,0,0,0,0,0,0,8,0,DED4
07/25/2026,X002FRKYLT,B0FW4VKZ9M,CRM-BR-T535DW-Grey,Crasome Dust & Water Proof Printer Cover for Brother Ink Tank DCP-T535DW / DCP-T530DW / DCP-T436W / DCP-T430W (Grey),SELLABLE,4,0,0,0,0,0,0,0,0,0,0,0,4,0,DEL4
07/25/2026,X002FRKYLT,B0FW4VKZ9M,CRM-BR-T535DW-Grey,Crasome Dust & Water Proof Printer Cover for Brother Ink Tank DCP-T535DW / DCP-T530DW / DCP-T436W / DCP-T430W (Grey),SELLABLE,10,0,0,-1,0,0,0,0,0,0,0,0,9,0,DEL5
07/25/2026,X002FRKYLT,B0FW4VKZ9M,CRM-BR-T535DW-Grey,Crasome Dust & Water Proof Printer Cover for Brother Ink Tank DCP-T535DW / DCP-T530DW / DCP-T436W / DCP-T430W (Grey),SELLABLE,22,0,0,0,0,0,0,0,0,0,0,0,22,0,MAA4
07/25/2026,X002FRKYLT,B0FW4VKZ9M,CRM-BR-T535DW-Grey,Crasome Dust & Water Proof Printer Cover for Brother Ink Tank DCP-T535DW / DCP-T530DW / DCP-T436W / DCP-T430W (Grey),SELLABLE,10,0,0,0,0,0,0,0,0,0,0,0,10,0,PNQ3
07/25/2026,X002FRKYLT,B0FW4VKZ9M,CRM-BR-T535DW-Grey,Crasome Dust & Water Proof Printer Cover for Brother Ink Tank DCP-T535DW / DCP-T530DW / DCP-T436W / DCP-T430W (Grey),WAREHOUSE_DAMAGED,1,0,0,0,0,0,0,0,0,0,0,0,0,0,BOM7
07/25/2026,X002FRNRD1,B0FW4SM5D3,CRM-BR-T730DW-Grey,Crasome Dust & Water Proof Printer Cover for Brother Ink Tank DCP-T730DW (Grey),SELLABLE,1,0,0,0,0,0,0,0,0,0,0,0,1,0,AMD2
07/25/2026,X002FRNRD1,B0FW4SM5D3,CRM-BR-T730DW-Grey,Crasome Dust & Water Proof Printer Cover for Brother Ink Tank DCP-T730DW (Grey),SELLABLE,0,3,0,0,0,0,0,0,0,0,0,0,0,0,BLR4
07/25/2026,X002FRNRD1,B0FW4SM5D3,CRM-BR-T730DW-Grey,Crasome Dust & Water Proof Printer Cover for Brother Ink Tank DCP-T730DW (Grey),SELLABLE,3,0,0,0,0,0,0,0,0,0,0,0,3,0,BLR7
07/25/2026,X002FRNRD1,B0FW4SM5D3,CRM-BR-T730DW-Grey,Crasome Dust & Water Proof Printer Cover for Brother Ink Tank DCP-T730DW (Grey),SELLABLE,1,0,0,0,0,0,0,0,0,0,0,0,1,0,BOM5
07/25/2026,X002FRNRD1,B0FW4SM5D3,CRM-BR-T730DW-Grey,Crasome Dust & Water Proof Printer Cover for Brother Ink Tank DCP-T730DW (Grey),SELLABLE,1,0,0,0,0,0,0,0,0,0,0,0,1,0,CJB1
07/25/2026,X002FRNRD1,B0FW4SM5D3,CRM-BR-T730DW-Grey,Crasome Dust & Water Proof Printer Cover for Brother Ink Tank DCP-T730DW (Grey),SELLABLE,2,0,0,0,0,0,0,0,0,0,0,0,2,0,DED4
07/25/2026,X002FRNRD1,B0FW4SM5D3,CRM-BR-T730DW-Grey,Crasome Dust & Water Proof Printer Cover for Brother Ink Tank DCP-T730DW (Grey),SELLABLE,4,0,0,-1,0,0,0,0,0,0,0,0,3,0,DEL5
07/25/2026,X002FRNRD1,B0FW4SM5D3,CRM-BR-T730DW-Grey,Crasome Dust & Water Proof Printer Cover for Brother Ink Tank DCP-T730DW (Grey),SELLABLE,9,0,0,0,0,0,0,0,0,0,0,0,9,0,MAA4
07/25/2026,X002FRNRD1,B0FW4SM5D3,CRM-BR-T730DW-Grey,Crasome Dust & Water Proof Printer Cover for Brother Ink Tank DCP-T730DW (Grey),SELLABLE,10,0,0,0,0,0,0,0,0,0,0,0,10,0,PNQ3
07/25/2026,X002FRPC3T,B0FTM43TZ6,CRM-PR-4826-MG3070S-Grey,Crasome Dust & Water Proof Printer Cover for Canon Pixma MG3070S / MG2577s (Grey),SELLABLE,2,0,0,0,0,0,0,0,0,0,0,0,2,0,CJB1
07/25/2026,X002GIZNDL,B0G42PN4TM,CRM-HP-1008w-Grey_1,Crasome Dust Proof Water-resistant Printer Cover for HP Laser 1008w / 1008a (Grey_1),CUSTOMER_DAMAGED,1,0,0,0,0,0,0,0,0,0,0,0,0,0,DEL5
07/25/2026,X002GIZNDL,B0G42PN4TM,CRM-HP-1008w-Grey_1,Crasome Dust Proof Water-resistant Printer Cover for HP Laser 1008w / 1008a (Grey_1),SELLABLE,2,0,0,0,0,0,0,0,0,0,0,0,2,0,AMD2
07/25/2026,X002GIZNDL,B0G42PN4TM,CRM-HP-1008w-Grey_1,Crasome Dust Proof Water-resistant Printer Cover for HP Laser 1008w / 1008a (Grey_1),SELLABLE,0,3,0,0,0,0,0,0,0,0,0,0,0,0,BLR4
07/25/2026,X002GIZNDL,B0G42PN4TM,CRM-HP-1008w-Grey_1,Crasome Dust Proof Water-resistant Printer Cover for HP Laser 1008w / 1008a (Grey_1),SELLABLE,8,0,0,0,0,0,0,0,0,0,0,0,8,0,BLR7
07/25/2026,X002GIZNDL,B0G42PN4TM,CRM-HP-1008w-Grey_1,Crasome Dust Proof Water-resistant Printer Cover for HP Laser 1008w / 1008a (Grey_1),SELLABLE,12,0,0,0,0,0,1,0,0,0,0,0,13,0,BLR8
07/25/2026,X002GIZNDL,B0G42PN4TM,CRM-HP-1008w-Grey_1,Crasome Dust Proof Water-resistant Printer Cover for HP Laser 1008w / 1008a (Grey_1),SELLABLE,9,0,0,-1,0,0,1,0,0,0,0,0,9,0,BOM5
07/25/2026,X002GIZNDL,B0G42PN4TM,CRM-HP-1008w-Grey_1,Crasome Dust Proof Water-resistant Printer Cover for HP Laser 1008w / 1008a (Grey_1),SELLABLE,2,0,0,0,0,0,0,0,0,0,0,0,2,0,BOM7
07/25/2026,X002GIZNDL,B0G42PN4TM,CRM-HP-1008w-Grey_1,Crasome Dust Proof Water-resistant Printer Cover for HP Laser 1008w / 1008a (Grey_1),SELLABLE,7,0,0,-1,0,0,0,0,0,0,0,0,6,0,CJB1
07/25/2026,X002GIZNDL,B0G42PN4TM,CRM-HP-1008w-Grey_1,Crasome Dust Proof Water-resistant Printer Cover for HP Laser 1008w / 1008a (Grey_1),SELLABLE,7,0,0,0,1,0,0,0,0,0,0,0,8,0,DED4
07/25/2026,X002GIZNDL,B0G42PN4TM,CRM-HP-1008w-Grey_1,Crasome Dust Proof Water-resistant Printer Cover for HP Laser 1008w / 1008a (Grey_1),SELLABLE,2,0,0,0,0,0,0,0,0,0,0,0,2,0,DEL4
07/25/2026,X002GIZNDL,B0G42PN4TM,CRM-HP-1008w-Grey_1,Crasome Dust Proof Water-resistant Printer Cover for HP Laser 1008w / 1008a (Grey_1),SELLABLE,6,0,0,-2,0,0,0,0,0,0,0,0,4,0,DEL5
07/25/2026,X002GIZNDL,B0G42PN4TM,CRM-HP-1008w-Grey_1,Crasome Dust Proof Water-resistant Printer Cover for HP Laser 1008w / 1008a (Grey_1),SELLABLE,11,0,0,-1,0,0,0,0,0,0,0,0,10,0,MAA4
07/25/2026,X002GIZNDL,B0G42PN4TM,CRM-HP-1008w-Grey_1,Crasome Dust Proof Water-resistant Printer Cover for HP Laser 1008w / 1008a (Grey_1),SELLABLE,1,0,0,0,0,0,0,0,0,0,0,0,1,0,PNQ3
07/25/2026,X002GNDMKH,B0G4LQ62YL,CRM-HP-2606sdw-Black,CRASOME Dust Proof Water-Resistant Printer Cover For HP Laserjet Tank MFP 1188Fnw / 2606Sdw (Black),SELLABLE,1,0,0,0,0,0,0,0,0,0,0,0,1,0,BLR4
07/25/2026,X002GNDMKH,B0G4LQ62YL,CRM-HP-2606sdw-Black,CRASOME Dust Proof Water-Resistant Printer Cover For HP Laserjet Tank MFP 1188Fnw / 2606Sdw (Black),SELLABLE,4,0,0,-1,0,0,0,0,0,0,0,0,3,0,BOM5
07/25/2026,X002GNDMKH,B0G4LQ62YL,CRM-HP-2606sdw-Black,CRASOME Dust Proof Water-Resistant Printer Cover For HP Laserjet Tank MFP 1188Fnw / 2606Sdw (Black),SELLABLE,1,0,0,0,0,0,0,0,0,0,0,0,1,0,DED4
07/25/2026,X002GNDMKH,B0G4LQ62YL,CRM-HP-2606sdw-Black,CRASOME Dust Proof Water-Resistant Printer Cover For HP Laserjet Tank MFP 1188Fnw / 2606Sdw (Black),SELLABLE,3,0,0,0,0,0,0,0,0,0,0,0,3,0,DEL5
07/25/2026,X002IV94H7,B0GQ98S46L,CRM-WO1-Blue-5Q,"CRASOME Clothes Storage Bags with Handle | Saree Bags with Zip | Wardrobe Organizer for Cloth, Shirts, Salwar Suit, Lehenga | Transparent Window | Cloth Organiser (Blue Pack of 5)",SELLABLE,2,0,0,0,0,0,0,0,0,0,0,0,2,0,BOM5
07/25/2026,X002IV94H7,B0GQ98S46L,CRM-WO1-Blue-5Q,"CRASOME Clothes Storage Bags with Handle | Saree Bags with Zip | Wardrobe Organizer for Cloth, Shirts, Salwar Suit, Lehenga | Transparent Window | Cloth Organiser (Blue Pack of 5)",SELLABLE,1,0,0,0,0,0,0,0,0,0,0,0,1,0,DEL5
07/25/2026,X002J3K1BH,B0G3GQX5J7,CRM-TS-STB-PACK-6,"CRASOME Pack of 6 Transparent Storage Bag for Saree Covers,Clothes, Lehenga, Blankets, Bedsheets, Toys, Docs|Wardrobe Organizer|Clear Storage Box Bag - Pack of (6), Plastic, 40x32x22 cm",SELLABLE,3,0,0,0,0,0,0,0,0,0,0,0,3,0,AMD2
07/25/2026,X002J3K1BH,B0G3GQX5J7,CRM-TS-STB-PACK-6,"CRASOME Pack of 6 Transparent Storage Bag for Saree Covers,Clothes, Lehenga, Blankets, Bedsheets, Toys, Docs|Wardrobe Organizer|Clear Storage Box Bag - Pack of (6), Plastic, 40x32x22 cm",SELLABLE,11,0,0,0,0,0,0,0,0,0,0,0,11,0,BLR7
07/25/2026,X002J3K1BH,B0G3GQX5J7,CRM-TS-STB-PACK-6,"CRASOME Pack of 6 Transparent Storage Bag for Saree Covers,Clothes, Lehenga, Blankets, Bedsheets, Toys, Docs|Wardrobe Organizer|Clear Storage Box Bag - Pack of (6), Plastic, 40x32x22 cm",SELLABLE,4,0,0,0,0,0,0,0,0,0,0,0,4,0,DEL5
07/25/2026,X002J3K1BH,B0G3GQX5J7,CRM-TS-STB-PACK-6,"CRASOME Pack of 6 Transparent Storage Bag for Saree Covers,Clothes, Lehenga, Blankets, Bedsheets, Toys, Docs|Wardrobe Organizer|Clear Storage Box Bag - Pack of (6), Plastic, 40x32x22 cm",SELLABLE,4,0,0,0,0,0,0,0,0,0,0,0,4,0,MAA4
07/25/2026,X002J3K1BH,B0G3GQX5J7,CRM-TS-STB-PACK-6,"CRASOME Pack of 6 Transparent Storage Bag for Saree Covers,Clothes, Lehenga, Blankets, Bedsheets, Toys, Docs|Wardrobe Organizer|Clear Storage Box Bag - Pack of (6), Plastic, 40x32x22 cm",SELLABLE,2,0,0,0,0,0,0,0,0,0,0,0,2,0,PNQ3
07/25/2026,X002J3K1NF,B0GR94RKK3,CRM-EP-L8050-Grey,Crasome Dust & Water Proof Printer Cover for Epson Ink Tank L8050 (Grey),CUSTOMER_DAMAGED,1,0,0,0,0,0,0,0,0,0,0,0,0,0,MAA4
07/25/2026,X002J3K1NF,B0GR94RKK3,CRM-EP-L8050-Grey,Crasome Dust & Water Proof Printer Cover for Epson Ink Tank L8050 (Grey),DEFECTIVE,1,0,0,0,0,0,0,0,0,0,0,0,0,0,CJB1
07/25/2026,X002J3K1NF,B0GR94RKK3,CRM-EP-L8050-Grey,Crasome Dust & Water Proof Printer Cover for Epson Ink Tank L8050 (Grey),SELLABLE,6,0,0,0,0,0,0,0,0,0,0,0,6,0,AMD2
07/25/2026,X002J3K1NF,B0GR94RKK3,CRM-EP-L8050-Grey,Crasome Dust & Water Proof Printer Cover for Epson Ink Tank L8050 (Grey),SELLABLE,2,0,0,0,0,0,0,0,0,0,0,0,2,0,BLR7
07/25/2026,X002J3K1NF,B0GR94RKK3,CRM-EP-L8050-Grey,Crasome Dust & Water Proof Printer Cover for Epson Ink Tank L8050 (Grey),SELLABLE,2,0,0,-1,0,0,0,0,0,0,0,0,1,0,BLR8
07/25/2026,X002J3K1NF,B0GR94RKK3,CRM-EP-L8050-Grey,Crasome Dust & Water Proof Printer Cover for Epson Ink Tank L8050 (Grey),SELLABLE,4,0,0,0,0,0,0,0,0,0,0,0,4,0,BOM5
07/25/2026,X002J3K1NF,B0GR94RKK3,CRM-EP-L8050-Grey,Crasome Dust & Water Proof Printer Cover for Epson Ink Tank L8050 (Grey),SELLABLE,6,0,0,0,0,0,0,0,0,0,0,0,6,0,BOM7
07/25/2026,X002J3K1NF,B0GR94RKK3,CRM-EP-L8050-Grey,Crasome Dust & Water Proof Printer Cover for Epson Ink Tank L8050 (Grey),SELLABLE,1,0,0,0,0,0,0,0,0,0,0,0,1,0,CJB1
07/25/2026,X002J3K1NF,B0GR94RKK3,CRM-EP-L8050-Grey,Crasome Dust & Water Proof Printer Cover for Epson Ink Tank L8050 (Grey),SELLABLE,2,0,0,0,0,0,0,0,0,0,0,0,2,0,DED4
07/25/2026,X002J3K1NF,B0GR94RKK3,CRM-EP-L8050-Grey,Crasome Dust & Water Proof Printer Cover for Epson Ink Tank L8050 (Grey),SELLABLE,5,0,0,0,0,0,0,0,0,0,0,0,5,0,DEL4
07/25/2026,X002J3K1NF,B0GR94RKK3,CRM-EP-L8050-Grey,Crasome Dust & Water Proof Printer Cover for Epson Ink Tank L8050 (Grey),SELLABLE,4,0,0,0,0,0,0,0,0,0,0,0,4,0,DEL5
07/25/2026,X002J3K1NF,B0GR94RKK3,CRM-EP-L8050-Grey,Crasome Dust & Water Proof Printer Cover for Epson Ink Tank L8050 (Grey),SELLABLE,4,0,0,-1,0,0,0,0,0,0,0,0,3,0,PNQ3
07/25/2026,X002J3K4YL,B0GQML2S98,CRM-STB-FT-BLUE-PACK-5,"CRASOME Storage Bags for Clothes | Storage Bag for Saree Covers, Clothes, Lehenga, Bedsheets, Toys, Docs | Transparent Window Storage Box Bag - (STB-FT-BLU-PACK-5)",SELLABLE,1,0,0,0,0,0,0,0,0,0,0,0,1,0,BLR8
07/25/2026,X002J3K4YL,B0GQML2S98,CRM-STB-FT-BLUE-PACK-5,"CRASOME Storage Bags for Clothes | Storage Bag for Saree Covers, Clothes, Lehenga, Bedsheets, Toys, Docs | Transparent Window Storage Box Bag - (STB-FT-BLU-PACK-5)",SELLABLE,3,0,0,0,0,0,0,0,0,0,0,0,3,0,BOM5
07/25/2026,X002J3KZP9,B0GQ34VLVM,CRM-PR-G4780-GREY,CRASOME Dust & Water Proof Printer Cover for Canon Pixma G4780 (Grey),SELLABLE,4,0,0,0,0,0,0,0,0,0,0,0,4,0,AMD2
07/25/2026,X002J3KZP9,B0GQ34VLVM,CRM-PR-G4780-GREY,CRASOME Dust & Water Proof Printer Cover for Canon Pixma G4780 (Grey),SELLABLE,1,0,0,0,0,0,0,0,0,0,0,0,1,0,BLR7
07/25/2026,X002J3KZP9,B0GQ34VLVM,CRM-PR-G4780-GREY,CRASOME Dust & Water Proof Printer Cover for Canon Pixma G4780 (Grey),SELLABLE,5,0,0,0,0,0,0,0,0,0,0,0,5,0,BLR8
07/25/2026,X002J3KZP9,B0GQ34VLVM,CRM-PR-G4780-GREY,CRASOME Dust & Water Proof Printer Cover for Canon Pixma G4780 (Grey),SELLABLE,1,0,0,0,0,0,1,0,0,0,0,0,2,0,BOM5
07/25/2026,X002J3KZP9,B0GQ34VLVM,CRM-PR-G4780-GREY,CRASOME Dust & Water Proof Printer Cover for Canon Pixma G4780 (Grey),SELLABLE,2,0,0,0,0,0,0,0,0,0,0,0,2,0,BOM7
07/25/2026,X002J3KZP9,B0GQ34VLVM,CRM-PR-G4780-GREY,CRASOME Dust & Water Proof Printer Cover for Canon Pixma G4780 (Grey),SELLABLE,1,0,0,0,0,0,0,0,0,0,0,0,1,0,CJB1
07/25/2026,X002J3KZP9,B0GQ34VLVM,CRM-PR-G4780-GREY,CRASOME Dust & Water Proof Printer Cover for Canon Pixma G4780 (Grey),SELLABLE,7,0,0,-1,0,0,0,0,0,0,0,0,6,0,DED4
07/25/2026,X002J3KZP9,B0GQ34VLVM,CRM-PR-G4780-GREY,CRASOME Dust & Water Proof Printer Cover for Canon Pixma G4780 (Grey),SELLABLE,4,0,0,0,0,0,0,0,0,0,0,0,4,0,DEL4
07/25/2026,X002J3KZP9,B0GQ34VLVM,CRM-PR-G4780-GREY,CRASOME Dust & Water Proof Printer Cover for Canon Pixma G4780 (Grey),SELLABLE,1,0,0,0,0,0,0,0,0,0,0,0,1,0,DEL5
07/25/2026,X002J3KZP9,B0GQ34VLVM,CRM-PR-G4780-GREY,CRASOME Dust & Water Proof Printer Cover for Canon Pixma G4780 (Grey),SELLABLE,12,0,0,0,0,0,0,0,0,0,0,0,12,0,MAA4
07/25/2026,X002J3KZP9,B0GQ34VLVM,CRM-PR-G4780-GREY,CRASOME Dust & Water Proof Printer Cover for Canon Pixma G4780 (Grey),SELLABLE,18,0,0,0,0,0,-1,0,0,0,0,0,17,0,PNQ3
07/25/2026,X002J3KZP9,B0GQ34VLVM,CRM-PR-G4780-GREY,CRASOME Dust & Water Proof Printer Cover for Canon Pixma G4780 (Grey),WAREHOUSE_DAMAGED,1,0,0,0,0,0,0,0,0,0,0,0,0,0,BLR5
07/25/2026,X002J3KZQ3,B0GQMTMYK5,CRM-STB-FT-BLUE-PACK-2,"CRASOME Pack of 2 Storage Bags for Clothes | Storage Bag for Saree Covers, Clothes, Lehenga, Bedsheets, Toys, Docs | Transparent Window Storage Box Bag - (STB-FT-BLU-PACK-2)",SELLABLE,1,0,0,0,0,0,0,0,0,0,0,0,1,0,AMD2
07/25/2026,X002J3KZQ3,B0GQMTMYK5,CRM-STB-FT-BLUE-PACK-2,"CRASOME Pack of 2 Storage Bags for Clothes | Storage Bag for Saree Covers, Clothes, Lehenga, Bedsheets, Toys, Docs | Transparent Window Storage Box Bag - (STB-FT-BLU-PACK-2)",SELLABLE,1,0,0,0,0,0,0,0,0,0,0,0,1,0,DED4
07/25/2026,X002J3KZQ3,B0GQMTMYK5,CRM-STB-FT-BLUE-PACK-2,"CRASOME Pack of 2 Storage Bags for Clothes | Storage Bag for Saree Covers, Clothes, Lehenga, Bedsheets, Toys, Docs | Transparent Window Storage Box Bag - (STB-FT-BLU-PACK-2)",SELLABLE,7,0,0,0,0,0,0,0,0,0,0,0,7,0,DEL4
07/25/2026,X002J3KZQ3,B0GQMTMYK5,CRM-STB-FT-BLUE-PACK-2,"CRASOME Pack of 2 Storage Bags for Clothes | Storage Bag for Saree Covers, Clothes, Lehenga, Bedsheets, Toys, Docs | Transparent Window Storage Box Bag - (STB-FT-BLU-PACK-2)",SELLABLE,5,0,0,0,0,0,0,0,0,0,0,0,5,0,DEL5
07/25/2026,X002J3KZQ3,B0GQMTMYK5,CRM-STB-FT-BLUE-PACK-2,"CRASOME Pack of 2 Storage Bags for Clothes | Storage Bag for Saree Covers, Clothes, Lehenga, Bedsheets, Toys, Docs | Transparent Window Storage Box Bag - (STB-FT-BLU-PACK-2)",SELLABLE,1,0,0,0,0,0,0,0,0,0,0,0,1,0,PNQ3
07/25/2026,X002J3LFFN,B0GPF39X1W,CRM-STB-MT-BLUE-PACK-2,"CRASOME Clothes Storage Bags with Handle | Saree Bags/Covers with Zip | Wardrobe Organizer for Cloth, Shirts, Salwar Suit, Lehenga, Bedsheets | Transparent Window | Cloth Organiser (STB-MT-BLU-PACK-2)",SELLABLE,1,0,0,0,0,0,0,0,0,0,0,0,1,0,CJB1
07/25/2026,X002J3LFFN,B0GPF39X1W,CRM-STB-MT-BLUE-PACK-2,"CRASOME Clothes Storage Bags with Handle | Saree Bags/Covers with Zip | Wardrobe Organizer for Cloth, Shirts, Salwar Suit, Lehenga, Bedsheets | Transparent Window | Cloth Organiser (STB-MT-BLU-PACK-2)",SELLABLE,4,0,0,0,0,0,0,0,0,0,0,0,4,0,DEL4
07/25/2026,X002J3LFFN,B0GPF39X1W,CRM-STB-MT-BLUE-PACK-2,"CRASOME Clothes Storage Bags with Handle | Saree Bags/Covers with Zip | Wardrobe Organizer for Cloth, Shirts, Salwar Suit, Lehenga, Bedsheets | Transparent Window | Cloth Organiser (STB-MT-BLU-PACK-2)",SELLABLE,3,0,0,0,0,0,0,0,0,0,0,0,3,0,DEL5
07/25/2026,X002J3LHBF,B0DKSPVH4D,CRM-HP-4826-4929-Black,Crasome Dust Proof Water-resistant Printer Cover for HP Deskjet Advantage Ultra 2820 / 4929 (Black),SELLABLE,4,0,0,0,0,0,0,0,0,0,0,0,4,0,BLR8
07/25/2026,X002J3LHBF,B0DKSPVH4D,CRM-HP-4826-4929-Black,Crasome Dust Proof Water-resistant Printer Cover for HP Deskjet Advantage Ultra 2820 / 4929 (Black),SELLABLE,2,0,0,0,0,0,0,0,0,0,0,0,2,0,BOM5
07/25/2026,X002J3LHBF,B0DKSPVH4D,CRM-HP-4826-4929-Black,Crasome Dust Proof Water-resistant Printer Cover for HP Deskjet Advantage Ultra 2820 / 4929 (Black),SELLABLE,1,0,0,0,0,0,0,0,0,0,0,0,1,0,DED4
07/25/2026,X002J3LHBF,B0DKSPVH4D,CRM-HP-4826-4929-Black,Crasome Dust Proof Water-resistant Printer Cover for HP Deskjet Advantage Ultra 2820 / 4929 (Black),SELLABLE,2,0,0,0,0,0,0,0,0,0,0,0,2,0,DEL4
07/25/2026,X002J3LHBF,B0DKSPVH4D,CRM-HP-4826-4929-Black,Crasome Dust Proof Water-resistant Printer Cover for HP Deskjet Advantage Ultra 2820 / 4929 (Black),SELLABLE,2,0,0,0,0,0,0,0,0,0,0,0,2,0,DEL5
07/25/2026,X002J3LHBF,B0DKSPVH4D,CRM-HP-4826-4929-Black,Crasome Dust Proof Water-resistant Printer Cover for HP Deskjet Advantage Ultra 2820 / 4929 (Black),SELLABLE,3,0,0,0,0,0,0,0,0,0,0,0,3,0,MAA4
07/25/2026,X002J3LHBF,B0DKSPVH4D,CRM-HP-4826-4929-Black,Crasome Dust Proof Water-resistant Printer Cover for HP Deskjet Advantage Ultra 2820 / 4929 (Black),SELLABLE,3,0,0,0,0,0,0,0,0,0,0,0,3,0,PNQ3
07/25/2026,X002J3MN5J,B0GK9DR68D,CRM-PR-670-G3780-GREY,CRASOME Dust & Water Proof Printer Cover for Canon Pixma G3780 (Grey),SELLABLE,0,2,0,0,0,0,0,0,0,0,0,0,0,0,BLR4
07/25/2026,X002J3MN5J,B0GK9DR68D,CRM-PR-670-G3780-GREY,CRASOME Dust & Water Proof Printer Cover for Canon Pixma G3780 (Grey),SELLABLE,0,0,0,0,1,0,0,0,0,0,0,0,1,0,BLR5
07/25/2026,X002J3MN5J,B0GK9DR68D,CRM-PR-670-G3780-GREY,CRASOME Dust & Water Proof Printer Cover for Canon Pixma G3780 (Grey),SELLABLE,6,0,0,-2,0,0,0,0,0,0,0,0,4,0,DED4
07/25/2026,X002J3MN5J,B0GK9DR68D,CRM-PR-670-G3780-GREY,CRASOME Dust & Water Proof Printer Cover for Canon Pixma G3780 (Grey),SELLABLE,1,0,0,-1,0,0,0,0,0,0,0,0,0,0,DEL4
07/25/2026,X002J3MN5J,B0GK9DR68D,CRM-PR-670-G3780-GREY,CRASOME Dust & Water Proof Printer Cover for Canon Pixma G3780 (Grey),SELLABLE,7,0,0,0,0,0,0,0,0,0,0,0,7,0,DEL5
07/25/2026,X002J3MN5J,B0GK9DR68D,CRM-PR-670-G3780-GREY,CRASOME Dust & Water Proof Printer Cover for Canon Pixma G3780 (Grey),SELLABLE,1,0,0,-1,0,0,0,0,0,0,0,0,0,0,MAA4
07/25/2026,X002J3MN5J,B0GK9DR68D,CRM-PR-670-G3780-GREY,CRASOME Dust & Water Proof Printer Cover for Canon Pixma G3780 (Grey),SELLABLE,9,0,0,-2,0,0,0,0,0,0,0,0,7,0,PNQ3
07/25/2026,X002J3MN6D,B0GQ35R1CV,CRM-BR-L2321D-GREY,CRASOME Dust & Water Proof Printer Cover for Brother HL-L2321D / HL-L2400D / HL-L2440DW / HL-B2080DW / HL-B2000D (Grey),CUSTOMER_DAMAGED,1,0,0,0,0,0,0,0,0,0,0,0,0,0,BOM5
07/25/2026,X002J3MN6D,B0GQ35R1CV,CRM-BR-L2321D-GREY,CRASOME Dust & Water Proof Printer Cover for Brother HL-L2321D / HL-L2400D / HL-L2440DW / HL-B2080DW / HL-B2000D (Grey),SELLABLE,1,0,0,0,0,0,0,0,0,0,0,0,1,0,AMD2
07/25/2026,X002J3MN6D,B0GQ35R1CV,CRM-BR-L2321D-GREY,CRASOME Dust & Water Proof Printer Cover for Brother HL-L2321D / HL-L2400D / HL-L2440DW / HL-B2080DW / HL-B2000D (Grey),SELLABLE,0,2,0,0,0,0,0,0,0,0,0,0,0,0,BLR4
07/25/2026,X002J3MN6D,B0GQ35R1CV,CRM-BR-L2321D-GREY,CRASOME Dust & Water Proof Printer Cover for Brother HL-L2321D / HL-L2400D / HL-L2440DW / HL-B2080DW / HL-B2000D (Grey),SELLABLE,1,0,0,-1,0,0,0,0,0,0,0,0,0,0,BLR7
07/25/2026,X002J3MN6D,B0GQ35R1CV,CRM-BR-L2321D-GREY,CRASOME Dust & Water Proof Printer Cover for Brother HL-L2321D / HL-L2400D / HL-L2440DW / HL-B2080DW / HL-B2000D (Grey),SELLABLE,3,0,0,-1,0,0,0,0,0,0,0,0,2,0,BOM7
07/25/2026,X002J3MN6D,B0GQ35R1CV,CRM-BR-L2321D-GREY,CRASOME Dust & Water Proof Printer Cover for Brother HL-L2321D / HL-L2400D / HL-L2440DW / HL-B2080DW / HL-B2000D (Grey),SELLABLE,2,0,0,0,0,0,0,0,0,0,0,0,2,0,CJB1
07/25/2026,X002J3MN6D,B0GQ35R1CV,CRM-BR-L2321D-GREY,CRASOME Dust & Water Proof Printer Cover for Brother HL-L2321D / HL-L2400D / HL-L2440DW / HL-B2080DW / HL-B2000D (Grey),SELLABLE,2,0,0,0,0,0,0,0,0,0,0,0,2,0,DED4
07/25/2026,X002J3MN6D,B0GQ35R1CV,CRM-BR-L2321D-GREY,CRASOME Dust & Water Proof Printer Cover for Brother HL-L2321D / HL-L2400D / HL-L2440DW / HL-B2080DW / HL-B2000D (Grey),SELLABLE,1,0,0,-1,0,0,0,0,0,0,0,0,0,0,DEL4
07/25/2026,X002J3MN6D,B0GQ35R1CV,CRM-BR-L2321D-GREY,CRASOME Dust & Water Proof Printer Cover for Brother HL-L2321D / HL-L2400D / HL-L2440DW / HL-B2080DW / HL-B2000D (Grey),SELLABLE,2,0,0,0,0,0,0,0,0,0,0,0,2,0,DEL5
07/25/2026,X002J3MN6D,B0GQ35R1CV,CRM-BR-L2321D-GREY,CRASOME Dust & Water Proof Printer Cover for Brother HL-L2321D / HL-L2400D / HL-L2440DW / HL-B2080DW / HL-B2000D (Grey),SELLABLE,4,0,0,0,0,0,0,0,0,0,0,0,4,0,MAA4
07/25/2026,X002J3MN6D,B0GQ35R1CV,CRM-BR-L2321D-GREY,CRASOME Dust & Water Proof Printer Cover for Brother HL-L2321D / HL-L2400D / HL-L2440DW / HL-B2080DW / HL-B2000D (Grey),SELLABLE,3,0,0,0,0,0,0,0,0,0,0,0,3,0,PNQ3
07/25/2026,X002J3MSOF,B0GQMQ52K3,CRM-STB-MT-BLUE-PACK-5,"CRASOME Pack of 5 Storage Bag for Saree Covers, Clothes, Lehenga, Bedsheets, Toys, Docs|Wardrobe Organizer|Transparent Window Storage Box Bag - (STB-MT-BLU-PACK-5)",SELLABLE,1,0,0,0,0,0,0,0,0,0,0,0,1,0,BLR8
07/25/2026,X002J3MSOF,B0GQMQ52K3,CRM-STB-MT-BLUE-PACK-5,"CRASOME Pack of 5 Storage Bag for Saree Covers, Clothes, Lehenga, Bedsheets, Toys, Docs|Wardrobe Organizer|Transparent Window Storage Box Bag - (STB-MT-BLU-PACK-5)",SELLABLE,1,0,0,0,0,0,0,0,0,0,0,0,1,0,DEL5
07/25/2026,X002LD9MZV,B0GYR3J89X,CRM-PS5-NW-BLACK,"CRASOME Dust Cover for PS5 Console, Waterproof Protective Cover for Gaming Console Digital Edition & Disc Edition PS 5 (Black)",SELLABLE,1,0,0,0,0,0,0,0,0,0,0,0,1,0,AMD2
07/25/2026,X002LD9MZV,B0GYR3J89X,CRM-PS5-NW-BLACK,"CRASOME Dust Cover for PS5 Console, Waterproof Protective Cover for Gaming Console Digital Edition & Disc Edition PS 5 (Black)",SELLABLE,5,0,0,0,0,0,0,0,0,0,0,0,5,0,BLR7
07/25/2026,X002LD9MZV,B0GYR3J89X,CRM-PS5-NW-BLACK,"CRASOME Dust Cover for PS5 Console, Waterproof Protective Cover for Gaming Console Digital Edition & Disc Edition PS 5 (Black)",SELLABLE,12,0,-1,0,0,0,0,1,0,0,0,0,12,0,BLR8
07/25/2026,X002LD9MZV,B0GYR3J89X,CRM-PS5-NW-BLACK,"CRASOME Dust Cover for PS5 Console, Waterproof Protective Cover for Gaming Console Digital Edition & Disc Edition PS 5 (Black)",SELLABLE,2,0,0,0,0,0,2,0,0,0,0,0,4,0,BOM5
07/25/2026,X002LD9MZV,B0GYR3J89X,CRM-PS5-NW-BLACK,"CRASOME Dust Cover for PS5 Console, Waterproof Protective Cover for Gaming Console Digital Edition & Disc Edition PS 5 (Black)",SELLABLE,2,0,0,0,0,0,0,0,0,0,0,0,2,0,BOM7
07/25/2026,X002LD9MZV,B0GYR3J89X,CRM-PS5-NW-BLACK,"CRASOME Dust Cover for PS5 Console, Waterproof Protective Cover for Gaming Console Digital Edition & Disc Edition PS 5 (Black)",SELLABLE,1,0,0,0,0,0,0,0,0,0,0,0,1,0,CJB1
07/25/2026,X002LD9MZV,B0GYR3J89X,CRM-PS5-NW-BLACK,"CRASOME Dust Cover for PS5 Console, Waterproof Protective Cover for Gaming Console Digital Edition & Disc Edition PS 5 (Black)",SELLABLE,1,0,0,0,0,0,0,0,0,0,0,0,1,0,DED4
07/25/2026,X002LD9MZV,B0GYR3J89X,CRM-PS5-NW-BLACK,"CRASOME Dust Cover for PS5 Console, Waterproof Protective Cover for Gaming Console Digital Edition & Disc Edition PS 5 (Black)",SELLABLE,1,0,0,0,0,0,0,0,0,0,0,0,1,0,DEL4
07/25/2026,X002LD9MZV,B0GYR3J89X,CRM-PS5-NW-BLACK,"CRASOME Dust Cover for PS5 Console, Waterproof Protective Cover for Gaming Console Digital Edition & Disc Edition PS 5 (Black)",SELLABLE,3,0,0,0,0,0,0,0,0,0,0,0,3,0,DEL5
07/25/2026,X002LD9MZV,B0GYR3J89X,CRM-PS5-NW-BLACK,"CRASOME Dust Cover for PS5 Console, Waterproof Protective Cover for Gaming Console Digital Edition & Disc Edition PS 5 (Black)",SELLABLE,4,0,0,0,0,0,0,0,0,0,0,0,4,0,MAA4
07/25/2026,X002LD9MZV,B0GYR3J89X,CRM-PS5-NW-BLACK,"CRASOME Dust Cover for PS5 Console, Waterproof Protective Cover for Gaming Console Digital Edition & Disc Edition PS 5 (Black)",SELLABLE,7,0,0,0,0,0,0,0,0,0,0,0,7,0,PNQ3
07/25/2026,X002M22JNN,B0FZSTY43W,CRM-TS-STB-PACK-8,Crasome Pack of 8 Saree Covers with Zip Transparent | Cloth Storage Bags for Clothes | Saree Covers for Storage | Saree Plastic Covers for Storage | Storage Bags for Clothes Large,SELLABLE,1,0,0,0,0,0,0,0,0,0,0,0,1,0,BOM7
07/25/2026,X002M22JNN,B0FZSTY43W,CRM-TS-STB-PACK-8,Crasome Pack of 8 Saree Covers with Zip Transparent | Cloth Storage Bags for Clothes | Saree Covers for Storage | Saree Plastic Covers for Storage | Storage Bags for Clothes Large,SELLABLE,1,0,0,0,0,0,0,0,0,0,0,0,1,0,MAA4
07/25/2026,X002M22JNN,B0FZSTY43W,CRM-TS-STB-PACK-8,Crasome Pack of 8 Saree Covers with Zip Transparent | Cloth Storage Bags for Clothes | Saree Covers for Storage | Saree Plastic Covers for Storage | Storage Bags for Clothes Large,SELLABLE,1,0,0,0,0,0,0,0,0,0,0,0,1,0,PNQ3
07/25/2026,X002MAIWOF,B0GZJNT7RC,CRM-Trolley Cover-Set of 3_1,CRASOME Waterproof Trolley Bag Cover Set of 3/Zippered Clear PVC Transparent Suitcase Cover/Luggage Cover/Traveling Bags Cover/Trolly Bag Cover/Travel Cabin Bag Cover/Suit case Covers,CARRIER_DAMAGED,1,0,0,0,0,-1,0,0,0,0,0,0,0,0,PNQ3
07/25/2026,X002MAIWOF,B0GZJNT7RC,CRM-Trolley Cover-Set of 3_1,CRASOME Waterproof Trolley Bag Cover Set of 3/Zippered Clear PVC Transparent Suitcase Cover/Luggage Cover/Traveling Bags Cover/Trolly Bag Cover/Travel Cabin Bag Cover/Suit case Covers,SELLABLE,1,0,0,0,0,0,0,0,0,0,0,0,1,0,BLR7
07/25/2026,X002MAIWOF,B0GZJNT7RC,CRM-Trolley Cover-Set of 3_1,CRASOME Waterproof Trolley Bag Cover Set of 3/Zippered Clear PVC Transparent Suitcase Cover/Luggage Cover/Traveling Bags Cover/Trolly Bag Cover/Travel Cabin Bag Cover/Suit case Covers,SELLABLE,3,0,0,0,0,0,0,0,0,0,0,0,3,0,BLR8
07/25/2026,X002MAIWOF,B0GZJNT7RC,CRM-Trolley Cover-Set of 3_1,CRASOME Waterproof Trolley Bag Cover Set of 3/Zippered Clear PVC Transparent Suitcase Cover/Luggage Cover/Traveling Bags Cover/Trolly Bag Cover/Travel Cabin Bag Cover/Suit case Covers,SELLABLE,1,0,0,0,0,0,0,0,0,0,0,0,1,0,BOM5
07/25/2026,X002MAIWOF,B0GZJNT7RC,CRM-Trolley Cover-Set of 3_1,CRASOME Waterproof Trolley Bag Cover Set of 3/Zippered Clear PVC Transparent Suitcase Cover/Luggage Cover/Traveling Bags Cover/Trolly Bag Cover/Travel Cabin Bag Cover/Suit case Covers,SELLABLE,1,0,0,0,0,0,0,0,0,0,0,0,1,0,BOM7
07/25/2026,X002MAIWOF,B0GZJNT7RC,CRM-Trolley Cover-Set of 3_1,CRASOME Waterproof Trolley Bag Cover Set of 3/Zippered Clear PVC Transparent Suitcase Cover/Luggage Cover/Traveling Bags Cover/Trolly Bag Cover/Travel Cabin Bag Cover/Suit case Covers,SELLABLE,1,0,0,-1,0,0,0,0,0,0,0,0,0,0,DEL4
07/25/2026,X002MAIWOF,B0GZJNT7RC,CRM-Trolley Cover-Set of 3_1,CRASOME Waterproof Trolley Bag Cover Set of 3/Zippered Clear PVC Transparent Suitcase Cover/Luggage Cover/Traveling Bags Cover/Trolly Bag Cover/Travel Cabin Bag Cover/Suit case Covers,SELLABLE,1,0,0,0,0,0,0,0,0,0,0,0,1,0,DEL5
07/25/2026,X002MAIWOF,B0GZJNT7RC,CRM-Trolley Cover-Set of 3_1,CRASOME Waterproof Trolley Bag Cover Set of 3/Zippered Clear PVC Transparent Suitcase Cover/Luggage Cover/Traveling Bags Cover/Trolly Bag Cover/Travel Cabin Bag Cover/Suit case Covers,SELLABLE,1,0,0,0,0,0,0,0,0,0,0,0,1,0,PNQ3
07/25/2026,X002MAIWOZ,B0GQZS7KFP,CRM-Trolley Cover-20-Inch,CRASOME Waterproof Trolley Bag Cover/Zippered Clear PVC Transparent Suitcase Cover/Luggage Cover/Traveling Bags Cover/Trolly Bag Cover/Travel Cabin Bag Cover/Suit case Covers (20 Inch),SELLABLE,4,0,0,0,0,0,0,0,0,0,0,0,4,0,BOM5
07/25/2026,X002MAIWOZ,B0GQZS7KFP,CRM-Trolley Cover-20-Inch,CRASOME Waterproof Trolley Bag Cover/Zippered Clear PVC Transparent Suitcase Cover/Luggage Cover/Traveling Bags Cover/Trolly Bag Cover/Travel Cabin Bag Cover/Suit case Covers (20 Inch),SELLABLE,1,0,0,0,0,0,0,0,0,0,0,0,1,0,PNQ3
07/25/2026,X002MAJ0OB,B0GRMPF9PF,CRM-Trolley Cover-28-Inch,"CRASOME Suitcase Cover 28 Inch Trolley Bag Cover Transparent PVC Suitcase Bag Cover with Zipper Dustproof Waterproof & Cabin Bag Anti-Scratch Luggage Cover for Travel Accessories, (28 Inch)",SELLABLE,1,0,0,0,0,0,0,0,0,0,0,0,1,0,BLR7
07/25/2026,X002MAJ0OB,B0GRMPF9PF,CRM-Trolley Cover-28-Inch,"CRASOME Suitcase Cover 28 Inch Trolley Bag Cover Transparent PVC Suitcase Bag Cover with Zipper Dustproof Waterproof & Cabin Bag Anti-Scratch Luggage Cover for Travel Accessories, (28 Inch)",SELLABLE,1,0,0,0,0,0,0,0,0,0,0,0,1,0,CJB1
07/25/2026,X002MAJ0OB,B0GRMPF9PF,CRM-Trolley Cover-28-Inch,"CRASOME Suitcase Cover 28 Inch Trolley Bag Cover Transparent PVC Suitcase Bag Cover with Zipper Dustproof Waterproof & Cabin Bag Anti-Scratch Luggage Cover for Travel Accessories, (28 Inch)",SELLABLE,2,0,0,0,0,0,0,0,0,0,0,0,2,0,DED4
07/25/2026,X001MUEH09,B0BF57ZCLY,Apron_Black,"CRASOME Apron for Kitchen | Unisex Cooking Apron with 2 Pockets and Adjustable Straps | Apron for Chef, Hotel, Cafe, Restaurant, Gardening, Workshop (Black)",SELLABLE,2,0,0,0,0,0,0,0,0,0,0,0,2,0,AMD2
07/25/2026,X001MUEH09,B0BF57ZCLY,Apron_Black,"CRASOME Apron for Kitchen | Unisex Cooking Apron with 2 Pockets and Adjustable Straps | Apron for Chef, Hotel, Cafe, Restaurant, Gardening, Workshop (Black)",SELLABLE,2,0,0,0,0,0,0,0,0,0,0,0,2,0,BLR7
07/25/2026,X001MUEH09,B0BF57ZCLY,Apron_Black,"CRASOME Apron for Kitchen | Unisex Cooking Apron with 2 Pockets and Adjustable Straps | Apron for Chef, Hotel, Cafe, Restaurant, Gardening, Workshop (Black)",SELLABLE,7,0,0,0,0,0,0,0,0,0,0,0,7,0,BLR8
07/25/2026,X001MUEH09,B0BF57ZCLY,Apron_Black,"CRASOME Apron for Kitchen | Unisex Cooking Apron with 2 Pockets and Adjustable Straps | Apron for Chef, Hotel, Cafe, Restaurant, Gardening, Workshop (Black)",SELLABLE,5,0,0,0,0,0,0,0,0,0,0,0,5,0,BOM5
07/25/2026,X001MUEH09,B0BF57ZCLY,Apron_Black,"CRASOME Apron for Kitchen | Unisex Cooking Apron with 2 Pockets and Adjustable Straps | Apron for Chef, Hotel, Cafe, Restaurant, Gardening, Workshop (Black)",SELLABLE,1,0,0,0,0,0,0,0,0,0,0,0,1,0,CJB1
07/25/2026,X001MUEH09,B0BF57ZCLY,Apron_Black,"CRASOME Apron for Kitchen | Unisex Cooking Apron with 2 Pockets and Adjustable Straps | Apron for Chef, Hotel, Cafe, Restaurant, Gardening, Workshop (Black)",SELLABLE,3,0,0,0,0,0,0,0,0,0,0,0,3,0,DED4
07/25/2026,X001MUEH09,B0BF57ZCLY,Apron_Black,"CRASOME Apron for Kitchen | Unisex Cooking Apron with 2 Pockets and Adjustable Straps | Apron for Chef, Hotel, Cafe, Restaurant, Gardening, Workshop (Black)",SELLABLE,2,0,0,-1,0,0,0,0,0,0,0,0,1,0,DEL4
07/25/2026,X001MUEH09,B0BF57ZCLY,Apron_Black,"CRASOME Apron for Kitchen | Unisex Cooking Apron with 2 Pockets and Adjustable Straps | Apron for Chef, Hotel, Cafe, Restaurant, Gardening, Workshop (Black)",SELLABLE,4,0,0,0,0,0,0,0,0,0,0,0,4,0,DEL5
07/25/2026,X001MUEH09,B0BF57ZCLY,Apron_Black,"CRASOME Apron for Kitchen | Unisex Cooking Apron with 2 Pockets and Adjustable Straps | Apron for Chef, Hotel, Cafe, Restaurant, Gardening, Workshop (Black)",SELLABLE,1,0,0,0,0,0,0,0,0,0,0,0,1,0,MAA4
07/25/2026,X001MUEH09,B0BF57ZCLY,Apron_Black,"CRASOME Apron for Kitchen | Unisex Cooking Apron with 2 Pockets and Adjustable Straps | Apron for Chef, Hotel, Cafe, Restaurant, Gardening, Workshop (Black)",SELLABLE,9,0,0,0,0,0,0,0,0,0,0,0,9,0,PNQ3
07/25/2026,X001MUEH4Z,B0BF5VTWVT,Apron_Grey,"CRASOME Apron for Kitchen | Unisex Cooking Apron with 2 Pockets and Adjustable Straps | Apron for Chef, Hotel, Cafe, Restaurant, Gardening, Workshop (Grey)",SELLABLE,2,0,0,0,0,0,0,0,0,0,0,0,2,0,AMD2
07/25/2026,X001MUEH4Z,B0BF5VTWVT,Apron_Grey,"CRASOME Apron for Kitchen | Unisex Cooking Apron with 2 Pockets and Adjustable Straps | Apron for Chef, Hotel, Cafe, Restaurant, Gardening, Workshop (Grey)",SELLABLE,1,0,0,0,0,0,0,0,0,0,0,0,1,0,BLR7
07/25/2026,X001MUEH4Z,B0BF5VTWVT,Apron_Grey,"CRASOME Apron for Kitchen | Unisex Cooking Apron with 2 Pockets and Adjustable Straps | Apron for Chef, Hotel, Cafe, Restaurant, Gardening, Workshop (Grey)",SELLABLE,10,0,0,0,0,0,0,0,0,0,0,0,10,0,BLR8
07/25/2026,X001MUEH4Z,B0BF5VTWVT,Apron_Grey,"CRASOME Apron for Kitchen | Unisex Cooking Apron with 2 Pockets and Adjustable Straps | Apron for Chef, Hotel, Cafe, Restaurant, Gardening, Workshop (Grey)",SELLABLE,2,0,0,0,0,0,0,0,0,0,0,0,2,0,BOM5
07/25/2026,X001MUEH4Z,B0BF5VTWVT,Apron_Grey,"CRASOME Apron for Kitchen | Unisex Cooking Apron with 2 Pockets and Adjustable Straps | Apron for Chef, Hotel, Cafe, Restaurant, Gardening, Workshop (Grey)",SELLABLE,4,0,0,0,0,0,0,0,0,0,0,0,4,0,CJB1
07/25/2026,X001MUEH4Z,B0BF5VTWVT,Apron_Grey,"CRASOME Apron for Kitchen | Unisex Cooking Apron with 2 Pockets and Adjustable Straps | Apron for Chef, Hotel, Cafe, Restaurant, Gardening, Workshop (Grey)",SELLABLE,3,0,0,0,0,0,0,0,0,0,0,0,3,0,DED4
07/25/2026,X001MUEH4Z,B0BF5VTWVT,Apron_Grey,"CRASOME Apron for Kitchen | Unisex Cooking Apron with 2 Pockets and Adjustable Straps | Apron for Chef, Hotel, Cafe, Restaurant, Gardening, Workshop (Grey)",SELLABLE,3,0,0,0,0,0,0,0,0,0,0,0,3,0,DEL4
07/25/2026,X001MUEH4Z,B0BF5VTWVT,Apron_Grey,"CRASOME Apron for Kitchen | Unisex Cooking Apron with 2 Pockets and Adjustable Straps | Apron for Chef, Hotel, Cafe, Restaurant, Gardening, Workshop (Grey)",SELLABLE,12,0,0,0,0,0,0,0,0,0,0,0,12,0,DEL5
07/25/2026,X001MUEH4Z,B0BF5VTWVT,Apron_Grey,"CRASOME Apron for Kitchen | Unisex Cooking Apron with 2 Pockets and Adjustable Straps | Apron for Chef, Hotel, Cafe, Restaurant, Gardening, Workshop (Grey)",SELLABLE,3,0,0,0,0,0,0,0,0,0,0,0,3,0,MAA4
07/25/2026,X001MUEH4Z,B0BF5VTWVT,Apron_Grey,"CRASOME Apron for Kitchen | Unisex Cooking Apron with 2 Pockets and Adjustable Straps | Apron for Chef, Hotel, Cafe, Restaurant, Gardening, Workshop (Grey)",SELLABLE,3,0,0,0,0,0,0,0,0,0,0,0,3,0,PNQ3
07/25/2026,X001MULEHX,B0BF59CVGV,Apron_Blue,"CRASOME Apron for Kitchen | Unisex Cooking Apron with 2 Pockets and Adjustable Straps | Apron for Chef, Hotel, Cafe, Restaurant, Gardening, Workshop (Blue)",SELLABLE,3,0,0,0,0,0,0,0,0,0,0,0,3,0,AMD2
07/25/2026,X001MULEHX,B0BF59CVGV,Apron_Blue,"CRASOME Apron for Kitchen | Unisex Cooking Apron with 2 Pockets and Adjustable Straps | Apron for Chef, Hotel, Cafe, Restaurant, Gardening, Workshop (Blue)",SELLABLE,2,0,0,0,0,0,0,0,0,0,0,0,2,0,BLR7
07/25/2026,X001MULEHX,B0BF59CVGV,Apron_Blue,"CRASOME Apron for Kitchen | Unisex Cooking Apron with 2 Pockets and Adjustable Straps | Apron for Chef, Hotel, Cafe, Restaurant, Gardening, Workshop (Blue)",SELLABLE,7,0,0,0,0,0,0,0,0,0,0,0,7,0,BOM5
07/25/2026,X001MULEHX,B0BF59CVGV,Apron_Blue,"CRASOME Apron for Kitchen | Unisex Cooking Apron with 2 Pockets and Adjustable Straps | Apron for Chef, Hotel, Cafe, Restaurant, Gardening, Workshop (Blue)",SELLABLE,1,0,0,0,0,0,0,0,0,0,0,0,1,0,CJB1
07/25/2026,X001MULEHX,B0BF59CVGV,Apron_Blue,"CRASOME Apron for Kitchen | Unisex Cooking Apron with 2 Pockets and Adjustable Straps | Apron for Chef, Hotel, Cafe, Restaurant, Gardening, Workshop (Blue)",SELLABLE,2,0,0,0,0,0,0,0,0,0,0,0,2,0,DEL4
07/25/2026,X001MULEHX,B0BF59CVGV,Apron_Blue,"CRASOME Apron for Kitchen | Unisex Cooking Apron with 2 Pockets and Adjustable Straps | Apron for Chef, Hotel, Cafe, Restaurant, Gardening, Workshop (Blue)",SELLABLE,2,0,0,0,0,0,0,0,0,0,0,0,2,0,DEL5
07/25/2026,X001MULEHX,B0BF59CVGV,Apron_Blue,"CRASOME Apron for Kitchen | Unisex Cooking Apron with 2 Pockets and Adjustable Straps | Apron for Chef, Hotel, Cafe, Restaurant, Gardening, Workshop (Blue)",SELLABLE,1,0,0,0,0,0,0,0,0,0,0,0,1,0,MAA4
07/25/2026,X001MULP81,B0BF598T14,Apron_Brown,"CRASOME Apron for Kitchen | Unisex Cooking Apron with 2 Pockets and Adjustable Straps | Apron for Chef, Hotel, Cafe, Restaurant, Gardening, Workshop (Brown)",CUSTOMER_DAMAGED,1,0,0,0,0,0,0,0,0,0,0,0,0,0,BOM5
07/25/2026,X001MULP81,B0BF598T14,Apron_Brown,"CRASOME Apron for Kitchen | Unisex Cooking Apron with 2 Pockets and Adjustable Straps | Apron for Chef, Hotel, Cafe, Restaurant, Gardening, Workshop (Brown)",SELLABLE,5,0,0,0,0,0,0,0,0,0,0,0,5,0,AMD2
07/25/2026,X001MULP81,B0BF598T14,Apron_Brown,"CRASOME Apron for Kitchen | Unisex Cooking Apron with 2 Pockets and Adjustable Straps | Apron for Chef, Hotel, Cafe, Restaurant, Gardening, Workshop (Brown)",SELLABLE,7,0,0,0,0,0,0,0,0,0,0,0,7,0,BLR7
07/25/2026,X001MULP81,B0BF598T14,Apron_Brown,"CRASOME Apron for Kitchen | Unisex Cooking Apron with 2 Pockets and Adjustable Straps | Apron for Chef, Hotel, Cafe, Restaurant, Gardening, Workshop (Brown)",SELLABLE,22,0,0,-1,0,0,0,0,0,0,0,0,21,0,BLR8
07/25/2026,X001MULP81,B0BF598T14,Apron_Brown,"CRASOME Apron for Kitchen | Unisex Cooking Apron with 2 Pockets and Adjustable Straps | Apron for Chef, Hotel, Cafe, Restaurant, Gardening, Workshop (Brown)",SELLABLE,10,0,0,0,0,0,0,0,0,0,0,0,10,0,BOM5
07/25/2026,X001MULP81,B0BF598T14,Apron_Brown,"CRASOME Apron for Kitchen | Unisex Cooking Apron with 2 Pockets and Adjustable Straps | Apron for Chef, Hotel, Cafe, Restaurant, Gardening, Workshop (Brown)",SELLABLE,3,0,0,0,0,0,0,0,0,0,0,0,3,0,CJB1
07/25/2026,X001MULP81,B0BF598T14,Apron_Brown,"CRASOME Apron for Kitchen | Unisex Cooking Apron with 2 Pockets and Adjustable Straps | Apron for Chef, Hotel, Cafe, Restaurant, Gardening, Workshop (Brown)",SELLABLE,9,0,0,0,0,0,0,0,0,0,0,0,9,0,DED4
07/25/2026,X001MULP81,B0BF598T14,Apron_Brown,"CRASOME Apron for Kitchen | Unisex Cooking Apron with 2 Pockets and Adjustable Straps | Apron for Chef, Hotel, Cafe, Restaurant, Gardening, Workshop (Brown)",SELLABLE,9,0,0,-1,0,0,0,0,0,0,0,0,8,0,DEL4
07/25/2026,X001MULP81,B0BF598T14,Apron_Brown,"CRASOME Apron for Kitchen | Unisex Cooking Apron with 2 Pockets and Adjustable Straps | Apron for Chef, Hotel, Cafe, Restaurant, Gardening, Workshop (Brown)",SELLABLE,8,0,0,0,0,0,0,0,0,0,0,0,8,0,DEL5
07/25/2026,X001MULP81,B0BF598T14,Apron_Brown,"CRASOME Apron for Kitchen | Unisex Cooking Apron with 2 Pockets and Adjustable Straps | Apron for Chef, Hotel, Cafe, Restaurant, Gardening, Workshop (Brown)",SELLABLE,17,0,0,0,0,0,0,0,0,0,0,0,17,0,MAA4
07/25/2026,X001MULP81,B0BF598T14,Apron_Brown,"CRASOME Apron for Kitchen | Unisex Cooking Apron with 2 Pockets and Adjustable Straps | Apron for Chef, Hotel, Cafe, Restaurant, Gardening, Workshop (Brown)",SELLABLE,29,0,0,0,0,0,0,0,0,0,0,0,29,0,PNQ3
07/25/2026,X001MVG9F9,B0BFB324WC,Bajaj_2,"CRASOME Dust Proof Washable Kitchen Wet Grinder Cover for 2Litre Table Top Butterfly Rhino | Butterfly Smart | Butterfly Hippo CSM-BJ (Blue), Polyester",SELLABLE,1,0,0,0,0,0,0,0,0,0,0,0,1,0,AMD2
07/25/2026,X001MVG9F9,B0BFB324WC,Bajaj_2,"CRASOME Dust Proof Washable Kitchen Wet Grinder Cover for 2Litre Table Top Butterfly Rhino | Butterfly Smart | Butterfly Hippo CSM-BJ (Blue), Polyester",SELLABLE,3,0,0,0,0,0,0,0,0,0,0,0,3,0,BLR8
07/25/2026,X001MVG9F9,B0BFB324WC,Bajaj_2,"CRASOME Dust Proof Washable Kitchen Wet Grinder Cover for 2Litre Table Top Butterfly Rhino | Butterfly Smart | Butterfly Hippo CSM-BJ (Blue), Polyester",SELLABLE,1,0,0,0,0,0,0,0,0,0,0,0,1,0,BOM5
07/25/2026,X001MVG9F9,B0BFB324WC,Bajaj_2,"CRASOME Dust Proof Washable Kitchen Wet Grinder Cover for 2Litre Table Top Butterfly Rhino | Butterfly Smart | Butterfly Hippo CSM-BJ (Blue), Polyester",SELLABLE,1,0,0,0,0,0,0,0,0,0,0,0,1,0,CJB1
07/25/2026,X001MVG9F9,B0BFB324WC,Bajaj_2,"CRASOME Dust Proof Washable Kitchen Wet Grinder Cover for 2Litre Table Top Butterfly Rhino | Butterfly Smart | Butterfly Hippo CSM-BJ (Blue), Polyester",SELLABLE,1,0,0,0,0,0,0,0,0,0,0,0,1,0,DEL5
07/25/2026,X001MVG9F9,B0BFB324WC,Bajaj_2,"CRASOME Dust Proof Washable Kitchen Wet Grinder Cover for 2Litre Table Top Butterfly Rhino | Butterfly Smart | Butterfly Hippo CSM-BJ (Blue), Polyester",SELLABLE,2,0,0,0,0,0,0,0,0,0,0,0,2,0,MAA4
07/25/2026,X001MVG9F9,B0BFB324WC,Bajaj_2,"CRASOME Dust Proof Washable Kitchen Wet Grinder Cover for 2Litre Table Top Butterfly Rhino | Butterfly Smart | Butterfly Hippo CSM-BJ (Blue), Polyester",SELLABLE,2,0,0,0,0,0,0,0,0,0,0,0,2,0,PNQ3
07/25/2026,X001MVG9H7,B0BFB324WC,Bajaj_4,"CRASOME Dust Proof Washable Kitchen Wet Grinder Cover for 2Litre Table Top Butterfly Rhino | Butterfly Smart | Butterfly Hippo CSM-BJ (Blue), Polyester",SELLABLE,0,4,0,0,0,0,0,0,0,0,0,0,0,0,BLR4
07/25/2026,X001MVG9H7,B0BFB324WC,Bajaj_4,"CRASOME Dust Proof Washable Kitchen Wet Grinder Cover for 2Litre Table Top Butterfly Rhino | Butterfly Smart | Butterfly Hippo CSM-BJ (Blue), Polyester",SELLABLE,2,0,0,-1,0,0,0,0,0,0,0,0,1,0,BLR7
07/25/2026,X001MVG9H7,B0BFB324WC,Bajaj_4,"CRASOME Dust Proof Washable Kitchen Wet Grinder Cover for 2Litre Table Top Butterfly Rhino | Butterfly Smart | Butterfly Hippo CSM-BJ (Blue), Polyester",SELLABLE,4,0,0,0,0,0,0,0,0,0,0,0,4,0,BOM5
